,Time,State variable,Smoothing,Residuals,Variance,Lag-1 AC,Lag-2 AC,Lag-3 AC,AIC fold,AIC hopf,AIC null,Params fold,Params hopf,Params null,Smax,Smax/Var
0,0,10.108573781771593,10.120850057344596,-0.012276275573002593,,,,,,,,,,,,
1,1,10.411426795662386,10.109663996447901,0.3017627992144849,,,,,,,,,,,,
2,2,9.81985571423859,10.098481236535218,-0.2786255222966272,,,,,,,,,,,,
3,3,9.690247512758654,10.087301802904795,-0.3970542901461407,,,,,,,,,,,,
4,4,10.091987002257344,10.076125757857865,0.015861244399479446,,,,,,,,,,,,
5,5,9.763264988014175,10.064953212495881,-0.3016882244817065,,,,,,,,,,,,
6,6,10.298452204205619,10.053784295577508,0.24466790862811116,,,,,,,,,,,,
7,7,9.947142725513384,10.042619164952322,-0.09547643943893824,,,,,,,,,,,,
8,8,9.79137263777198,10.03145796043521,-0.24008532266323002,,,,,,,,,,,,
9,9,10.2819179093578,10.02030083697725,0.2616170723805489,,,,,,,,,,,,
10,10,10.308758906631967,10.00914797733658,0.2996109292953868,,,,,,,,,,,,
11,11,10.388814664095985,9.997999532251178,0.390815131844807,,,,,,,,,,,,
12,12,10.200700653127578,9.986855601339693,0.21384505178788515,,,,,,,,,,,,
13,13,9.795942479800516,9.975716232064055,-0.17977375226353942,,,,,,,,,,,,
14,14,10.246898748509144,9.96458144026606,0.28231730824308343,,,,,,,,,,,,
15,15,9.910894612409516,9.953451249380306,-0.04255663697079015,,,,,,,,,,,,
16,16,10.037843806069274,9.942325656616715,0.09551814945255899,,,,,,,,,,,,
17,17,10.0931603579374,9.931204652002254,0.16195570593514574,,,,,,,,,,,,
18,18,9.877454233589253,9.920088206631052,-0.04263397304179861,,,,,,,,,,,,
19,19,9.97073526650847,9.90897626618486,0.061759000323609925,,,,,,,,,,,,
20,20,10.050811392545677,9.897868771848808,0.15294262069686937,,,,,,,,,,,,
21,21,9.95365747733772,9.886765649827208,0.0668918275105117,,,,,,,,,,,,
22,22,9.629784217807464,9.875666798824952,-0.24588258101748828,,,,,,,,,,,,
23,23,9.812171758127072,9.86457210641739,-0.05240034829031792,,,,,,,,,,,,
24,24,10.064160026762082,9.853481483088583,0.2106785436734988,,,,,,,,,,,,
25,25,9.716166730659157,9.842394843072315,-0.12622811241315723,,,,,,,,,,,,
26,26,9.727387165570368,9.831312077512239,-0.10392491194187059,,,,,,,,,,,,
27,27,9.667388012092111,9.8202330858321,-0.15284507373998935,,,,,,,,,,,,
28,28,10.10341522673028,9.809157784742043,0.294257441988238,,,,,,,,,,,,
29,29,9.972629693165453,9.798086101379603,0.17454359178585044,,,,,,,,,,,,
30,30,9.879754385468024,9.787017928754128,0.09273645671389552,,,,,,,,,,,,
31,31,9.615078838940702,9.775953123860337,-0.1608742849196343,,,,,,,,,,,,
32,32,9.795510565227291,9.764891525498427,0.030619039728863484,,,,,,,,,,,,
33,33,9.59837024603695,9.753832980928642,-0.15546273489169238,,,,,,,,,,,,
34,34,9.676239344348978,9.7427773363598,-0.06653799201082222,,,,,,,,,,,,
35,35,9.560094681772384,9.731724450843425,-0.17162976907104088,,,,,,,,,,,,
36,36,9.779959441806076,9.720674195069662,0.059285246736413555,,,,,,,,,,,,
37,37,9.815833938920493,9.709626454094943,0.10620748482554987,,,,,,,,,,,,
38,38,9.662057640101256,9.698581102106987,-0.03652346200573042,,,,,,,,,,,,
39,39,9.733276930282447,9.687537993799411,0.045738936483035175,,,,,,,,,,,,
40,40,9.452866951088298,9.676496977067774,-0.22363002597947634,,,,,,,,,,,,
41,41,9.29044466053934,9.665457894270059,-0.37501323373071926,,,,,,,,,,,,
42,42,9.609080403704905,9.654420611226634,-0.04534020752172907,,,,,,,,,,,,
43,43,9.645529443469721,9.64338502645057,0.0021444170191511347,,,,,,,,,,,,
44,44,9.742776002554507,9.632351047602121,0.11042495495238569,,,,,,,,,,,,
45,45,10.121444014485114,9.621318576301874,0.5001254381832396,,,,,,,,,,,,
46,46,9.91808214921193,9.610287489303595,0.30779465990833543,,,,,,,,,,,,
47,47,9.489164635705563,9.599257618364108,-0.11009298265854461,,,,,,,,,,,,
48,48,9.76645268216058,9.588228752740081,0.1782239294204988,,,,,,,,,,,,
49,49,9.357956859639344,9.57720067156681,-0.21924381192746623,,,,,,,,,,,,
50,50,9.399901268775864,9.56617313061129,-0.1662718618354262,,,,,,,,,,,,
51,51,9.483015144721481,9.555145897431904,-0.07213075271042335,,,,,,,,,,,,
52,52,9.85861685005601,9.54411875675817,0.3144980932978392,,,,,,,,,,,,
53,53,9.466545705397195,9.533091489281633,-0.06654578388443788,,,,,,,,,,,,
54,54,9.33504366611641,9.522063836609435,-0.18702017049302455,,,,,,,,,,,,
55,55,9.43003076439325,9.511035532770522,-0.081004768377273,,,,,,,,,,,,
56,56,9.34230711127533,9.500006326180172,-0.1576992149048415,,,,,,,,,,,,
57,57,9.661830893136049,9.488975974779745,0.17285491835630395,,,,,,,,,,,,
58,58,9.314863037540364,9.477944242992505,-0.16308120545214067,,,,,,,,,,,,
59,59,9.193588321821812,9.466910871333171,-0.27332254951135937,,,,,,,,,,,,
60,60,9.285026361406837,9.45587561237568,-0.17084925096884263,,,,,,,,,,,,
61,61,9.296030274259596,9.444838253494217,-0.1488079792346202,,,,,,,,,,,,
62,62,9.775496401533069,9.433798614127864,0.34169778740520407,,,,,,,,,,,,
63,63,9.714970530241148,9.422756529956636,0.2922140002845115,,,,,,,,,,,,
64,64,9.518489103449975,9.411711792177309,0.10677731127266554,,,,,,,,,,,,
65,65,9.199180322205478,9.400664133754022,-0.20148381154854356,,,,,,,,,,,,
66,66,9.498047231065508,9.389613257614654,0.10843397345085393,,,,,,,,,,,,
67,67,9.223251023220321,9.37855887831134,-0.15530785509101896,,,,,,,,,,,,
68,68,9.02868488465317,9.367500698572227,-0.3388158139190569,,,,,,,,,,,,
69,69,9.48746641830941,9.356438449620176,0.13102796868923328,,,,,,,,,,,,
70,70,9.457942345829174,9.345371913636987,0.11257043219218765,,,,,,,,,,,,
71,71,9.562744258300835,9.334300868743554,0.22844338955728105,,,,,,,,,,,,
72,72,9.467223232247827,9.323225074211141,0.1439981580366858,,,,,,,,,,,,
73,73,9.539302389087279,9.312144260442363,0.22715812864491625,,,,,,,,,,,,
74,74,9.255977896689155,9.301058140091445,-0.045080243402290776,,,,,,,,,,,,
75,75,9.089307252530126,9.289966422437328,-0.20065916990720112,,,,,,,,,,,,
76,76,9.361302064426292,9.278868893714243,0.08243317071204892,,,,,,,,,,,,
77,77,9.153099647529219,9.26776548743442,-0.11466583990520185,,,,,,,,,,,,
78,78,9.102180457948217,9.256656294354613,-0.15447583640639628,,,,,,,,,,,,
79,79,9.123635389058576,9.24554166277116,-0.12190627371258422,,,,,,,,,,,,
80,80,9.215862627354236,9.234422308742394,-0.01855968138815811,,,,,,,,,,,,
81,81,9.167357892865953,9.223299417448239,-0.05594152458228585,,,,,,,,,,,,
82,82,8.948937578842699,9.212174746062995,-0.26323716722029644,,,,,,,,,,,,
83,83,9.008069240445778,9.20105078163036,-0.192981541184583,,,,,,,,,,,,
84,84,8.72393827600723,9.189930939437522,-0.465992663430292,,,,,,,,,,,,
85,85,9.156667005780687,9.178819698253685,-0.022152692472998226,,,,,,,,,,,,
86,86,8.875586959034674,9.16772266167998,-0.29213570264530553,,,,,,,,,,,,
87,87,8.867759347964158,9.156646428759137,-0.2888870807949786,,,,,,,,,,,,
88,88,9.079226224684334,9.145582083071108,-0.06635585838677471,,,,,,,,,,,,
89,89,8.994087524349686,9.134517678791378,-0.1404301544416917,,,,,,,,,,,,
90,90,9.404764225144897,9.123455296074464,0.28130892907043226,,,,,,,,,,,,
91,91,8.977933821526237,9.112397503518967,-0.13446368199272918,,,,,,,,,,,,
92,92,9.133589365905978,9.101346386405046,0.03224297950093202,,,,,,,,,,,,
93,93,9.120763780681397,9.090303131358008,0.030460649323389433,,,,,,,,,,,,
94,94,8.89242425032176,9.07926889555278,-0.1868446452310195,,,,,,,,,,,,
95,95,9.132707939112297,9.068244625745628,0.06446331336666944,,,,,,,,,,,,
96,96,9.074575882286748,9.057231616240838,0.017344266045910217,,,,,,,,,,,,
97,97,9.232874167236593,9.04623081151817,0.18664335571842372,,,,,,,,,,,,
98,98,9.289978541491926,9.035242806006972,0.2547357354849549,,,,,,,,,,,,
99,99,9.572445803926973,9.024268421479718,0.5481773824472551,,,,,,,,,,,,
100,100,9.48631622866162,9.013308788323291,0.4730074403383284,,,,,,,,,,,,
101,101,9.113905346352041,9.002365081076677,0.11154026527536409,,,,,,,,,,,,
102,102,9.014786538319193,8.991438663837755,0.023347874481437714,,,,,,,,,,,,
103,103,9.236478094629415,8.98053078151057,0.25594731311884544,,,,,,,,,,,,
104,104,9.217431491947972,8.96964295177998,0.247788540167992,,,,,,,,,,,,
105,105,9.20143294794582,8.958776353447831,0.24265659449798882,,,,,,,,,,,,
106,106,8.75265197559355,8.947931857134794,-0.19527988154124465,,,,,,,,,,,,
107,107,8.894256069662404,8.93711049048272,-0.04285442082031565,,,,,,,,,,,,
108,108,8.802775344694092,8.92631305916158,-0.12353771446748674,,,,,,,,,,,,
109,109,8.958268968813666,8.91554027634531,0.042728692468356755,,,,,,,,,,,,
110,110,8.934789541116984,8.904793249368488,0.029996291748496162,,,,,,,,,,,,
111,111,9.116517621578689,8.894073215085532,0.22244440649315678,,,,,,,,,,,,
112,112,9.056970436403896,8.88338100792247,0.1735894284814261,,,,,,,,,,,,
113,113,9.122090663710717,8.872717042864508,0.2493736208462085,,,,,,,,,,,,
114,114,8.892942544049937,8.862081639826902,0.03086090422303478,,,,,,,,,,,,
115,115,8.716049062020154,8.851474393598085,-0.13542533157793102,,,,,,,,,,,,
116,116,8.746253534065895,8.840894578342585,-0.09464104427669007,,,,,,,,,,,,
117,117,8.826076966670302,8.830341190819333,-0.004264224149030937,,,,,,,,,,,,
118,118,8.925710238776176,8.81981334529695,0.10589689347922615,,,,,,,,,,,,
119,119,9.328925320304629,8.809310483463388,0.5196148368412405,,,,,,,,,,,,
120,120,9.002092750601337,8.798831909100672,0.20326084150066492,,,,,,,,,,,,
121,121,8.711534035249453,8.788376040811977,-0.07684200556252385,,,,,,,,,,,,
122,122,8.716450518975309,8.777940588317641,-0.06149006934233192,,,,,,,,,,,,
123,123,8.689195969579059,8.767522852762452,-0.07832688318339365,,,,,,,,,,,,
124,124,8.853422007467298,8.757119865590946,0.09630214187635211,,,,,,,,,,,,
125,125,8.522540524561464,8.746728426559981,-0.22418790199851735,,,,,,,,,,,,
126,126,8.693918957574855,8.736345637121136,-0.04242667954628132,,,,,,,,,,,,
127,127,8.772375507853416,8.725968722207227,0.046406785646189164,,,,,,,,,,,,
128,128,8.81002067821793,8.715594660574759,0.09442601764317082,,,,,,,,,,,,
129,129,8.658134937257644,8.705220221489363,-0.047085284231718205,,,,,,,,,,,,
130,130,8.662959769004205,8.694841734925834,-0.031881965921629174,,,,,,,,,,,,
131,131,8.434649787044355,8.684455043447054,-0.24980525640269846,,,,,,,,,,,,
132,132,8.512720701388245,8.674055813858903,-0.1613351124706579,,,,,,,,,,,,
133,133,8.528140031652676,8.663639847053304,-0.13549981540062817,,,,,,,,,,,,
134,134,8.709967221566162,8.653203316644865,0.056763904921297126,,,,,,,,,,,,
135,135,8.47537819004863,8.642742851244437,-0.16736466119580662,,,,,,,,,,,,
136,136,8.745281709544152,8.632255449503123,0.11302626004102834,,,,,,,,,,,,
137,137,8.986152483419167,8.621738290004984,0.36441419341418246,,,,,,,,,,,,
138,138,8.38222188528671,8.611188680448823,-0.2289667951621137,,,,,,,,,,,,
139,139,8.61814398532512,8.600603448581069,0.017540536744050428,,,,,,,,,,,,
140,140,8.75601007448166,8.589979124098123,0.16603095038353644,,,,,,,,,,,,
141,141,8.55002725532514,8.579312465187343,-0.029285209862202066,,,,,,,,,,,,
142,142,8.509978032198912,8.568601401165056,-0.05862336896614373,,,,,,,,,,,,
143,143,8.537403308474591,8.557844521148104,-0.02044121267351251,,,,,,,,,,,,
144,144,8.510375338707055,8.547040894938068,-0.03666555623101253,,,,,,,,,,,,
145,145,8.49075852948043,8.53619000671145,-0.04543147723101981,,,,,,,,,,,,
146,146,8.221315476138908,8.525291339258098,-0.3039758631191898,,,,,,,,,,,,
147,147,8.63377892553358,8.514344835240726,0.11943409029285412,,,,,,,,,,,,
148,148,8.786864253258521,8.50335012666402,0.2835141265945005,,,,,,,,,,,,
149,149,8.474290065248049,8.492305953770888,-0.01801588852283942,,,,,,,,,,,,
150,150,8.226590156539782,8.481210199197541,-0.25462004265775917,,,,,,,,,,,,
151,151,8.488645617863972,8.470060138953311,0.018585478910660314,,,,,,,,,,,,
152,152,8.384752877105713,8.458853413560888,-0.074100536455175,,,,,,,,,,,,
153,153,8.471100960283303,8.447588296501106,0.023512663782197407,,,,,,,,,,,,
154,154,8.412576045974511,8.43626400759327,-0.023687961618758635,,,,,,,,,,,,
155,155,8.574296883768039,8.424880362865457,0.14941652090258195,,,,,,,,,,,,
156,156,8.634541561116324,8.413437654000967,0.22110390711535644,,,,,,,,,,,,
157,157,8.38011558888635,8.401935826817054,-0.021820237930704423,,,,,,,,,,,,
158,158,8.150474046355615,8.390374027137227,-0.2398999807816118,,,,,,,,,,,,
159,159,8.011251135054815,8.378751302226338,-0.36750016717152256,,,,,,,,,,,,
160,160,8.347528256337077,8.36706702603128,-0.019538769694204206,,,,,,,,,,,,
161,161,8.15286837461507,8.355321199459567,-0.20245282484449767,,,,,,,,,,,,
162,162,8.189529432991053,8.343514645624326,-0.15398521263327325,,,,,,,,,,,,
163,163,8.18224738616511,8.331649342407506,-0.14940195624239472,,,,,,,,,,,,
164,164,8.273689205680963,8.319727995840866,-0.04603879015990309,,,,,,,,,,,,
165,165,7.958899919167291,8.30775339776765,-0.34885347860035854,,,,,,,,,,,,
166,166,8.203842872815661,8.295728486135742,-0.0918856133200805,,,,,,,,,,,,
167,167,8.371767579244906,8.28365661277623,0.08811096646867611,,,,,,,,,,,,
168,168,8.35481460824054,8.271541165602654,0.08327344263788561,,,,,,,,,,,,
169,169,8.265663059781392,8.25938533725928,0.006277722522112228,,,,,,,,,,,,
170,170,8.29796602295153,8.247192172546466,0.050773850405063214,,,,,,,,,,,,
171,171,8.362291131366169,8.234964336197224,0.12732679516894407,,,,,,,,,,,,
172,172,7.797216522378479,8.22270386022604,-0.4254873378475619,,,,,,,,,,,,
173,173,8.411599671286979,8.210412269083678,0.2011874022033009,,,,,,,,,,,,
174,174,8.38857969394785,8.19809107618863,0.19048861775922,,,,,,,,,,,,
175,175,8.175381290458397,8.185742110361998,-0.010360819903601381,,,,,,,,,,,,
176,176,8.126977440024865,8.173367186208818,-0.046389746183953307,,,,,,,,,,,,
177,177,8.264600394562171,8.160968180635003,0.10363221392716859,,,,,,,,,,,,
178,178,8.203625692320657,8.148547116333942,0.055078575986714284,,,,,,,,,,,,
179,179,7.818676636435862,8.136105984056824,-0.317429347620962,,,,,,,,,,,,
180,180,8.3963230141329,8.12364707809415,0.27267593603875007,,,,,,,,,,,,
181,181,8.240123436707783,8.111172486872624,0.12895094983515953,,,,,,,,,,,,
182,182,8.381857547006476,8.098683847673964,0.2831736993325116,,,,,,,,,,,,
183,183,8.111508868830636,8.086182158678694,0.025326710151942322,,,,,,,,,,,,
184,184,8.409521373534448,8.073667306174917,0.3358540673595307,,,,,,,,,,,,
185,185,8.294070399045198,8.061138486482225,0.2329319125629734,,,,,,,,,,,,
186,186,8.29988575945411,8.04859417348677,0.2512915859673406,,,,,,,,,,,,
187,187,7.985112858938387,8.036032712656134,-0.050919853717746655,,,,,,,,,,,,
188,188,8.261117030349252,8.023452553695602,0.23766447665365042,,,,,,,,,,,,
189,189,8.280880638109835,8.010852515934635,0.27002812217519967,,,,,,,,,,,,
190,190,8.400413007229254,7.998231934937991,0.4021810722912633,,,,,,,,,,,,
191,191,8.07736909916174,7.985590316346431,0.09177878281530827,,,,,,,,,,,,
192,192,7.959500904738085,7.97292669549948,-0.013425790761395717,,,,,,,,,,,,
193,193,8.425349883849105,7.960240084933256,0.465109798915849,,,,,,,,,,,,
194,194,7.986868918221711,7.947529890720973,0.03933902750073859,,,,,,,,,,,,
195,195,7.962032677158447,7.934795382708579,0.027237294449868443,,,,,,,,,,,,
196,196,8.18235169281162,7.922035212298538,0.2603164805130822,,,,,,,,,,,,
197,197,8.080487144696031,7.909247080832579,0.17124006386345147,,,,,,,,,,,,
198,198,8.119424271981266,7.896427628672927,0.22299664330833924,,,,,,,,,,,,
199,199,7.94640085130663,7.883572789312808,0.06282806199382218,0.03928452896867287,0.26281781027774986,0.10428848118976206,0.08689811177354338,0.9999999931213432,3.854177511643964e-11,6.8401148015864685e-09,"{'sigma': 0.1332315443599975, 'lam': -1.503967008143686}","{'sigma': 0.03877820853657199, 'mu': -0.2613056176053239, 'w0': 0.772029572963608, 'delta': 4.5818060456781495e-09, 'psi': 0.2}",{'sigma': 0.06521325071948478},0.002413454681454394,0.061435245497762844
200,200,8.003722041292157,7.8706778910552915,0.13304415023686555,0.039346812685822324,0.2657021446497316,0.10649389539275961,0.0884846793129352,,,,,,,,
201,201,7.7150262155238085,7.857738056779027,-0.14271184125521863,0.03906746504468015,0.2764349917800656,0.12264974182036194,0.08428705210246595,,,,,,,,
202,202,8.11857465758516,7.844748488662577,0.27382616892258316,0.0389583050667046,0.25807194524209104,0.12641143399854324,0.07392195949650532,,,,,,,,
203,203,7.971507810346974,7.83170503865934,0.13980277168763422,0.03815647398333301,0.2633713975302958,0.10793522896232478,0.08908939012331672,,,,,,,,
204,204,7.794347057521655,7.818603997098483,-0.024256939576828174,0.03816672475743822,0.2639725652546307,0.10636932101942781,0.08994693150131218,,,,,,,,
205,205,7.9520989023443285,7.805441885749869,0.1466570165944594,0.03771719891392189,0.2752342424965396,0.10386404882776559,0.08328170030335658,,,,,,,,
206,206,7.8122393132024195,7.792215351783143,0.02002396141927676,0.037469886748928115,0.27959561806916866,0.11261829365174499,0.07656641873378388,,,,,,,,
207,207,7.581597965461857,7.778921042405261,-0.19732307694340445,0.037642247278292656,0.27614429453647793,0.1127613686337399,0.08259793142418859,,,,,,,,
208,208,7.46063133423489,7.765555581206598,-0.3049242469717086,0.03783388214122976,0.29375603203616907,0.12320342054848493,0.09102863752297748,,,,,,,,
209,209,7.758523833488863,7.752116095766836,0.006407737722026852,0.037543431324050344,0.28586418431869715,0.11261609507282766,0.08516125494383689,,,,,,,,
210,210,7.7484186759382485,7.738600218893925,0.009818457044323381,0.03714935840935411,0.27585945525071465,0.1054442376074127,0.0932941226586959,,,,,,,,
211,211,7.7414923943081675,7.72500598483996,0.01648640946820734,0.03644998074987746,0.26905779064164653,0.11687195516019085,0.0801621818079685,,,,,,,,
212,212,7.955685146937868,7.7113320651609945,0.24435308177687354,0.036515046813678884,0.27492521678283266,0.10983364437370993,0.08140263130719703,,,,,,,,
213,213,7.645344844434217,7.697577838446528,-0.05223299401231074,0.03634419509571651,0.2809869358511217,0.10849801207217692,0.08385307819417792,,,,,,,,
214,214,7.562112535652352,7.683743392031092,-0.12163085637874005,0.03608538860972993,0.2854645290139198,0.10122322035373918,0.07880782968946672,,,,,,,,
215,215,7.575620158572146,7.669828992145024,-0.09420883357287746,0.03612891042595633,0.28780084704720865,0.10354704177492569,0.07455354875064849,,,,,,,,
216,216,7.662659428072435,7.655834904751453,0.0068245233209820455,0.036096760669820795,0.28659478348085493,0.10425434055693862,0.07412141716198621,,,,,,,,
217,217,7.675375445906043,7.641761795610937,0.03361365029510566,0.03598941409428899,0.28823795479226944,0.1030716133324009,0.07100313870986188,,,,,,,,
218,218,7.630481766138865,7.627610731980039,0.002871034158825836,0.035973756593096026,0.2886844678286277,0.10435229235083195,0.07156320220815968,,,,,,,,
219,219,7.642184906980367,7.613382505284546,0.02880240169582038,0.03596352363977467,0.28816764935920647,0.10407194065525804,0.07363147286016443,0.9999999589255723,1.3534279815317436e-18,4.107442782196035e-08,"{'sigma': 0.14367550050908867, 'lam': -1.6175269604338975}","{'sigma': 0.06240386502389961, 'mu': -0.5336057039301509, 'w0': 1.57654238389901, 'delta': 5.525491175717434e-11, 'psi': 0.2}",{'sigma': 0.06720012325678063},0.0023385454334548888,0.06502548128705947
220,220,7.633084569734599,7.599077718447262,0.03400685128733727,0.035868532446321766,0.2876052361344186,0.10976322586333385,0.07512160471429984,,,,,,,,
221,221,7.511071203347799,7.584696848078828,-0.0736256447310284,0.035892151680259575,0.2905664599179378,0.11007168317938977,0.07394954928802921,,,,,,,,
222,222,7.425833205515964,7.570240224943816,-0.1444070194278515,0.035679608826488775,0.29088639290360174,0.11750242034754121,0.06878752755902764,,,,,,,,
223,223,7.569730735116049,7.5557080054803585,0.01402272963569029,0.03565766667956996,0.29310075576922157,0.11630063210208984,0.06775116010833437,,,,,,,,
224,224,7.428443282835674,7.541100093587856,-0.11265681075218215,0.035540768095674455,0.2978621966110923,0.12251001168552102,0.07421855753613274,,,,,,,,
225,225,7.3020076597675825,7.526415728778365,-0.22440806901078236,0.03572558516756129,0.2989569041260225,0.11911518891108495,0.08526708396706256,,,,,,,,
226,226,7.3773473020514775,7.511654257571076,-0.13430695551959815,0.03576551798259352,0.30036646774807496,0.1269383988773523,0.08813377427615018,,,,,,,,
227,227,7.439061977044753,7.496815561117409,-0.05775358407265596,0.03565358376368563,0.31015791835580986,0.13306713282587343,0.091429063886148,,,,,,,,
228,228,7.909870662726915,7.481899531473318,0.42797113125359676,0.03612221064409339,0.29801338208479905,0.1201512429827092,0.08345522630148888,,,,,,,,
229,229,7.593693515461815,7.466906646817116,0.12678686864469846,0.03605594923063545,0.29963826698850854,0.1234023180324712,0.08064935028702253,,,,,,,,
230,230,7.734168189110807,7.451838234400044,0.2823299547107636,0.03638858095622237,0.30487429972683483,0.13675854721026162,0.07984520743838922,,,,,,,,
231,231,7.762896260742726,7.436696130693227,0.3262001300494983,0.03672148292564018,0.3138760698377059,0.1371185941653321,0.09454213957419684,,,,,,,,
232,232,7.41657825378675,7.42148243905096,-0.004904185264209993,0.036722528579181526,0.31188285117449277,0.1358833706544094,0.09480530873359332,,,,,,,,
233,233,7.588518446218153,7.406199549599791,0.18231889661836131,0.0367119577058392,0.30962056640505614,0.13790977000032809,0.1014148004100772,,,,,,,,
234,234,7.3187232045466075,7.390850044597271,-0.07212684005066361,0.03671682785782025,0.30555763813097253,0.13864819849877807,0.09793799732735699,,,,,,,,
235,235,6.918407117330852,7.3754365385989145,-0.45702942126806256,0.03766617477388779,0.30843235934635654,0.12844852965814693,0.09679009563410002,,,,,,,,
236,236,7.2518585520433625,7.35996156188644,-0.1081030098430773,0.03773333507249865,0.3109515167420642,0.1300801619147869,0.09361919167550732,,,,,,,,
237,237,7.0241093848237774,7.3444278087290975,-0.32031842390532006,0.03825238348545209,0.31463252702328187,0.14785618419518062,0.10018530170025147,,,,,,,,
238,238,7.274426479149663,7.328838400386851,-0.054411921237187855,0.038262880117585815,0.31547207095158414,0.14772195502063737,0.10130552420202646,,,,,,,,
239,239,7.209502973118163,7.313196455061069,-0.10369348194290673,0.03832517034188636,0.31833913458576246,0.15490838855404904,0.10336172601114005,0.9999999748112072,7.705222667241346e-17,2.5188792768199073e-08,"{'sigma': 0.10136737456399102, 'lam': -1.0630832417681861}","{'sigma': 0.059083762888775704, 'mu': -0.5425464209015056, 'w0': 1.6029578066395818, 'delta': 1.927055626183005e-09, 'psi': 0.2}",{'sigma': 0.0641419684251896},0.0025995816500063093,0.06782961763291039
240,240,7.587838340410081,7.297504814732164,0.2903335256779167,0.038428177791217946,0.30433147604098987,0.15028273722366248,0.08981933897084546,,,,,,,,
241,241,7.680635967192597,7.281766295827551,0.3988696713650457,0.03839161026762691,0.31365190356757666,0.14342164997472612,0.09117824042062424,,,,,,,,
242,242,7.44202005682982,7.265982922956604,0.1760371338732165,0.038494468451629335,0.3179121052076973,0.14900836958608887,0.09380222461241053,,,,,,,,
243,243,7.271600708745883,7.250155914812663,0.021444793933219408,0.03849293120408382,0.3178224117408225,0.1510644883573703,0.0946254028589215,,,,,,,,
244,244,7.081667983914899,7.2342859092022245,-0.1526179252873252,0.03859922370650744,0.3164627587923306,0.14441503628211533,0.08669762579587019,,,,,,,,
245,245,7.1041779795142785,7.218373422707594,-0.11419544319331543,0.03751228864216926,0.3061706395095735,0.1547185269433941,0.07449379052528778,,,,,,,,
246,246,7.138502429651028,7.202419115231136,-0.06391668558010721,0.03711073879579592,0.3140885845884239,0.15079289038786875,0.0844244429985813,,,,,,,,
247,247,7.136543079202619,7.1864235093574464,-0.04988043015482724,0.0370540604768386,0.31823033789179395,0.14845558645569976,0.08289692250636074,,,,,,,,
248,248,7.22079608235611,7.170386711843944,0.050409370512165985,0.03692455978137789,0.32480442458475023,0.1526810308113398,0.0843393707927163,,,,,,,,
249,249,7.337478589065379,7.154308301116248,0.18317028794913082,0.03679422088186286,0.3211342407069182,0.1487176753758448,0.09281136435518457,,,,,,,,
250,250,7.3545629392922685,7.138187582776441,0.21637535651582773,0.0368284420593645,0.32291494173133556,0.15797568371124618,0.08892933535423321,,,,,,,,
251,251,7.158250864425807,7.122023601289407,0.03622726313640001,0.03678996412725973,0.32833963482741996,0.15728005033106757,0.08684266361163917,,,,,,,,
252,252,6.927507862301519,7.105815172415653,-0.1783073101141337,0.03653402326748049,0.33249799909940186,0.16085438952457123,0.08656572214108813,,,,,,,,
253,253,7.278592561114366,7.089561149138504,0.18903141197586226,0.036650680251242386,0.32512997303326874,0.1600524814400127,0.08912481942641498,,,,,,,,
254,254,7.110378593223057,7.0732604674332045,0.03711812578985274,0.03644348899988982,0.3232878828753066,0.15495709071615024,0.09395834784188245,,,,,,,,
255,255,7.016733006618541,7.056911605344205,-0.04017859872566465,0.03641136971858615,0.32155195322576696,0.1556732528207278,0.09307707838162416,,,,,,,,
256,256,6.979115094776973,7.040512486855183,-0.06139739207821027,0.036287891095292166,0.32698790246385057,0.15164430493921371,0.08447628384085099,,,,,,,,
257,257,6.724449068452785,7.024060823059514,-0.2996117546067296,0.03666999100375605,0.33319516626610746,0.160551047081878,0.0874973768448003,,,,,,,,
258,258,6.797504636788144,7.007554287059783,-0.2100496502716389,0.03676551276670049,0.3350877794049659,0.158422534658398,0.0851501074955827,,,,,,,,
259,259,6.835556483239815,6.990990640270271,-0.15543415703045582,0.036492594989020175,0.33384477926399114,0.15912402234033562,0.10143165549361031,0.9999999997636482,1.2869920822768039e-20,2.363517474998657e-10,"{'sigma': 0.10718685589654231, 'lam': -1.125825235468565}","{'sigma': 0.06045019469337087, 'mu': -0.5494919620990313, 'w0': 1.6234785252406758, 'delta': 6.26791369917612e-08, 'psi': 0.2}",{'sigma': 0.0651656004156269},0.002582528018477251,0.0707685495990153
260,260,7.042966912152785,6.974367801390426,0.06859911076235914,0.03632898137057914,0.3289986195817404,0.16702995211006713,0.10654543928803364,,,,,,,,
261,261,7.175693837793994,6.957683854202598,0.21800998359139623,0.036388788026748796,0.3400043832584687,0.16897145745793626,0.1017479827460711,,,,,,,,
262,262,7.122237673618452,6.940936494336668,0.18130117928178358,0.03599770226954681,0.33481600197567374,0.16701926952864063,0.10841728243554279,,,,,,,,
263,263,7.2507116389976725,6.924123415134795,0.32658822386287767,0.03609817234545637,0.3375748030372927,0.18418152939509558,0.10709502481622307,,,,,,,,
264,264,7.211023714555804,6.907242472419532,0.3037812421362718,0.03646668154198106,0.3497146851045556,0.18843658011551065,0.11680383560145319,,,,,,,,
265,265,7.118594449936416,6.889519606658838,0.2290748432775782,0.03643668879241467,0.35893455184767675,0.19119462188290337,0.11133032676434793,,,,,,,,
266,266,7.090774192319297,6.8716042228253835,0.21916996949391354,0.03659441473606769,0.36566443076245686,0.20370712683839295,0.11753394725877797,,,,,,,,
267,267,7.006036486864139,6.853515260559566,0.15252122630457343,0.03651855681042761,0.36296422046654586,0.20976798229272825,0.1242930793161657,,,,,,,,
268,268,6.914568364982146,6.835275318289686,0.07929304669245951,0.0358684812739824,0.372440046374373,0.21714806562385014,0.13742627390309323,,,,,,,,
269,269,6.875945777387358,6.81690731509012,0.05903846229723797,0.035818394861214145,0.3717873156681993,0.21526777517080978,0.13645649622830539,,,,,,,,
270,270,6.698610565698094,6.798432591184926,-0.09982202548683183,0.035858357362250265,0.36954888172473144,0.21290246547422195,0.13187842396558305,,,,,,,,
271,271,6.824419213576241,6.779869996157091,0.04454921741915019,0.03565063736444157,0.3667518334028616,0.20833204005670353,0.134393993929359,,,,,,,,
272,272,6.677407510439336,6.761235622763048,-0.08382811232371257,0.035634587612207544,0.3640963933817742,0.21121239446562048,0.13817459645190372,,,,,,,,
273,273,6.89481289446459,6.742542851908372,0.15227004255621868,0.03550859848686651,0.3645546829755274,0.21924785855229653,0.1343269162955618,,,,,,,,
274,274,6.8338410885903365,6.723802621219668,0.11003846737066869,0.03552412564796779,0.3648097330042351,0.21834198684206313,0.133426512360301,,,,,,,,
275,275,6.842006446716374,6.7050237141792035,0.1369827325371702,0.035335489275650375,0.3689236121152201,0.2166118846432876,0.12653611602447798,,,,,,,,
276,276,6.917788946245772,6.686213107986308,0.23157583825946393,0.03553340135152288,0.37254061307757996,0.2204421693558162,0.13127449429734095,,,,,,,,
277,277,6.983792781171643,6.667376295308405,0.3164164858632379,0.03585598347601964,0.3754476234665187,0.2212495545953467,0.1332315205788975,,,,,,,,
278,278,6.6327440324096365,6.64851755437406,-0.015773521964423054,0.03569850704287523,0.368982864211906,0.21856738917248994,0.13056317633852912,,,,,,,,
279,279,6.6455947765401415,6.629640197538298,0.015954579001843605,0.03558557136776306,0.3686463429021238,0.215383564511073,0.1245122370710054,0.9999999999518561,3.2345251315317023e-21,4.8143879896534496e-11,"{'sigma': 0.12292030204220614, 'lam': -1.386296627695782}","{'sigma': 0.05560432416782701, 'mu': -0.5045105559331762, 'w0': 1.4905805329797732, 'delta': 7.500622345446573e-11, 'psi': 0.2}",{'sigma': 0.06363738972004461},0.0020858600059122257,0.05861532991435413
280,280,6.834165912403636,6.610746822948494,0.22341908945514177,0.03576297100409109,0.36698669474072576,0.212923966219337,0.13025632294632072,,,,,,,,
281,281,6.5041408048307705,6.591839466773486,-0.08769866194271536,0.03579547175178705,0.3612741754409155,0.2110793456197148,0.12716794929657768,,,,,,,,
282,282,6.643087979373279,6.572919703857702,0.07016827551557725,0.03536891946628609,0.3543191841356301,0.1953410151885802,0.12543579245561953,,,,,,,,
283,283,6.283827755001479,6.5539887860934245,-0.2701610310919458,0.035572902704976324,0.3416970497224445,0.19800081077499834,0.10636973842291997,,,,,,,,
284,284,6.247399460241812,6.535047713113991,-0.2876482528721782,0.03484074457451642,0.35324433769649527,0.17589972860439568,0.08994781820549476,,,,,,,,
285,285,6.389971210756169,6.516097334639973,-0.12612612388380384,0.03495149214767874,0.3575356423717828,0.18026363288043173,0.08815083721732463,,,,,,,,
286,286,6.201553409713903,6.497138396911931,-0.29558498719802806,0.034962773737083536,0.3518636285478819,0.18971982973192644,0.09417307235223982,,,,,,,,
287,287,6.177257222278172,6.478171555977773,-0.30091433369960097,0.035002232402330066,0.3604420836254857,0.18933122633723856,0.1215968882353608,,,,,,,,
288,288,6.075729029145792,6.4591974130283845,-0.3834683838825921,0.03581692571779037,0.3714629592993776,0.2098311926749142,0.1274940044707083,,,,,,,,
289,289,6.508593876716968,6.440216533841888,0.06837734287507935,0.03567743638444996,0.3731838585279583,0.2030329664702919,0.12497572711166302,,,,,,,,
290,290,6.554679273412738,6.421229448089383,0.13344982532335514,0.035414730748032135,0.38170237346758873,0.19518841451275523,0.11949886504482778,,,,,,,,
291,291,6.647160960701744,6.4022366062130125,0.24492435448873184,0.03550645772064572,0.38405669695505584,0.19604981024553017,0.10054332981274969,,,,,,,,
292,292,6.565217595308178,6.383238366939787,0.18197922836839098,0.03561874438028157,0.3867203041247247,0.19848667545432794,0.1011762462328807,,,,,,,,
293,293,6.483974809055248,6.364234996732669,0.11973981232257902,0.03565643568362403,0.38899474301025105,0.20034962539172724,0.10229899882725159,,,,,,,,
294,294,6.215408898353556,6.345226686242216,-0.12981778788866016,0.03554651372706335,0.3883726394515482,0.1963737991635453,0.1021190152246542,,,,,,,,
295,295,6.246502674791035,6.326213576847084,-0.07971090205604892,0.03560572752805348,0.3899996328363818,0.19440956390160036,0.09889689145447429,,,,,,,,
296,296,6.184461865872942,6.3071958005733935,-0.12273393470045146,0.035725710574892294,0.3924661526658858,0.19850428830712588,0.10000120020585075,,,,,,,,
297,297,6.401967783828461,6.288173484411682,0.11379429941677888,0.03563915570453123,0.38695798943696047,0.18954904832396172,0.08929910088185297,,,,,,,,
298,298,6.596113560792677,6.2691467465674675,0.32696681422520957,0.035827068240305494,0.3800715390333558,0.17018155535691337,0.08128662922777702,,,,,,,,
299,299,6.777152343621131,6.250115662434729,0.5270366811864013,0.035719668815653,0.37170415518307004,0.1702413870255581,0.07051637993892887,0.9999999958301695,4.812755922822022e-19,4.16983037871387e-09,"{'sigma': 0.11339063311904923, 'lam': -1.318685960847475}","{'sigma': 0.05907399043058259, 'mu': -0.5712889903009468, 'w0': 1.687877959385013, 'delta': 6.199352142743919e-11, 'psi': 0.2}",{'sigma': 0.06137975194147494},0.0018652476856033076,0.052219064382420105
300,300,6.779812345238986,6.23108024369907,0.5487321015399154,0.036083914498945116,0.39501250954795664,0.19128007533534466,0.06231010261451572,,,,,,,,
301,301,6.523623271642496,6.2120404438765195,0.31158282776597623,0.03644300714306969,0.4057814574125662,0.20465024808298193,0.07132361061458442,,,,,,,,
302,302,6.269705898712607,6.1929961643063605,0.07670973440624618,0.0364518262371532,0.40691424080274136,0.20487158621213294,0.07364667412802371,,,,,,,,
303,303,6.407115906476422,6.173947258615918,0.23316864786050395,0.036403545300590506,0.4029881149321193,0.2057965811339132,0.09446301850451609,,,,,,,,
304,304,6.425944896411723,6.154893551757122,0.2710513446546008,0.036456326802890925,0.40316645006272306,0.2147294742699028,0.10554473334703483,,,,,,,,
305,305,6.0799291122570365,6.135834829867349,-0.0559057176103126,0.036275084352690806,0.4077721652061328,0.2144895361599286,0.1100994786217816,,,,,,,,
306,306,6.183227172758801,6.1167708450837415,0.06645632767505916,0.03601915208756318,0.40631937914566973,0.21081807666030847,0.11133604566313653,,,,,,,,
307,307,6.327127424135325,6.097701348751635,0.22942607538368964,0.03618079353457031,0.4052929704721842,0.20788202718920484,0.11703758777777365,,,,,,,,
308,308,6.294904732985766,6.078626080054412,0.2162786529313543,0.036217074834419355,0.4090406288545372,0.20843476198116312,0.11903713952133926,,,,,,,,
309,309,6.225612477551068,6.059544745788022,0.16606773176304568,0.036300738627334954,0.41088077296293524,0.21145397117659195,0.11947007659557188,,,,,,,,
310,310,6.069235676862071,6.040457020039323,0.02877865682274816,0.036300834359550775,0.411423489024565,0.21119340050530228,0.119523713633756,,,,,,,,
311,311,5.8515752169491995,6.021362554799299,-0.16978733785009936,0.03633985314052259,0.40841301701147154,0.2022631773858751,0.11414374824886973,,,,,,,,
312,312,6.0455938705730174,6.002261004289554,0.04333286628346311,0.03624358020951788,0.40467133529511173,0.20256899559760103,0.11782548550416096,,,,,,,,
313,313,6.003437818543376,5.983152046120788,0.020285772422588444,0.036011481769320314,0.4060331880099892,0.20851243100701847,0.12224516193976184,,,,,,,,
314,314,5.97846631815285,5.964035361105133,0.014430957047716575,0.03601325890796368,0.4068054237719181,0.20867408591504788,0.12247023027832472,,,,,,,,
315,315,6.276265363286987,5.944910629886671,0.33135473340031574,0.03631082776260866,0.40173756710142255,0.20633574594809775,0.1240576587969866,,,,,,,,
316,316,6.311154167911878,5.925777527007347,0.38537664090453116,0.036834103099901705,0.40992414490793444,0.2051788444864629,0.13327329076455943,,,,,,,,
317,317,6.2760471784645455,5.90663569164113,0.36941148682341574,0.037373165877773416,0.419656785567683,0.22196924565259413,0.13246762894784841,,,,,,,,
318,318,6.206885270262315,5.887484720791709,0.3194005494706067,0.037742549436390486,0.42924462940780717,0.23130962868913887,0.14376104016533162,,,,,,,,
319,319,6.383138783315764,5.868324170950656,0.5148146123651083,0.03771957640118303,0.43528544547665443,0.25907230899333983,0.1723573948765027,1.0,1.5666354357516496e-28,1.4220102628629048e-18,"{'sigma': 0.09741888606249396, 'lam': -0.9248876969783315}","{'sigma': 0.05595566725438128, 'mu': -0.5143237895934425, 'w0': 1.5195738114508646, 'delta': 3.722111507897807e-11, 'psi': 0.2}",{'sigma': 0.06601965419297383},0.0023765773097136726,0.0630064686951027
320,320,6.5359603362884,5.849153561356915,0.686806774931485,0.039677144443355856,0.46082675436971876,0.27774613735471554,0.1982402911770279,,,,,,,,
321,321,6.496767591530487,5.829972382447696,0.6667952090827907,0.04154323784343219,0.48669319643990944,0.30332086235299377,0.21607884320588724,,,,,,,,
322,322,6.404338836584595,5.810780112947746,0.5935587236368489,0.042973467241143974,0.5063007887979611,0.3336538202650792,0.23915030806906726,,,,,,,,
323,323,5.893177885298749,5.791576220178964,0.10160166511978463,0.04290251443818094,0.5018147581019795,0.32709463119081283,0.23553475838589213,,,,,,,,
324,324,5.88793600438375,5.772360154627082,0.11557584975666835,0.04291308435097261,0.505783091017194,0.3260528365491211,0.23463370712134615,,,,,,,,
325,325,5.8366599747594705,5.753131357315417,0.08352861744405349,0.04253417793216488,0.5052921060683386,0.32740209137967224,0.2348500203401073,,,,,,,,
326,326,5.82725471274442,5.733889261499275,0.09336545124514473,0.04249619848922457,0.5055537384718214,0.32826106587756226,0.23415881921605786,,,,,,,,
327,327,5.9501976221732615,5.714633295990268,0.2355643261829936,0.042661354561399856,0.5054613736966783,0.3283681827047488,0.23502216758288078,,,,,,,,
328,328,5.453947280410246,5.69536288094818,-0.24141560053793487,0.043090822771323777,0.49644553868810704,0.3258584973227827,0.23552618055665483,,,,,,,,
329,329,5.404632797172083,5.676077426471232,-0.2714446292991486,0.04356797189446473,0.5015298146520539,0.31463782320028205,0.2307193056371014,,,,,,,,
330,330,5.485673838576841,5.656776386417824,-0.17110254784098267,0.043781947381106356,0.505305375859955,0.31868127784248534,0.22343605970899058,,,,,,,,
331,331,5.432474704035963,5.637459271774797,-0.20498456773883422,0.043656452391728426,0.5050938071967452,0.32095976280439276,0.23173383813978216,,,,,,,,
332,332,5.240185567281095,5.618125642309961,-0.3779400750288655,0.04435395671901367,0.5082812201318009,0.32873442440683653,0.2398749406631155,,,,,,,,
333,333,5.4180685963578465,5.598775109482574,-0.1807065131247274,0.044448558089366715,0.5138150822280524,0.33016881719852276,0.2463845885390052,,,,,,,,
334,334,5.471304197438569,5.579407342920555,-0.10810314548198541,0.04457325890307953,0.5172010042886614,0.33399871098371214,0.2510774924388858,,,,,,,,
335,335,5.3179547113815975,5.560022057859087,-0.24206734647748984,0.044763736837853514,0.5222600164145612,0.34967339537104436,0.2563259946257778,,,,,,,,
336,336,5.380258841288438,5.540619006410591,-0.16036016512215312,0.044960979497175146,0.5261110114574705,0.3556146413750835,0.2606925580656073,,,,,,,,
337,337,5.503830442766549,5.5211979876907105,-0.017367544924161038,0.0444735228672916,0.5413904643943732,0.35905703117433796,0.25881913464315104,,,,,,,,
338,338,5.473009638788803,5.501758837539261,-0.02874919875045734,0.04412160993887637,0.543080270235833,0.3654545409458475,0.2588057102990223,,,,,,,,
339,339,5.5646236796837965,5.482301406318712,0.0823222733650848,0.04412371973684542,0.5434228567923379,0.36495835838167173,0.2571156228303217,1.0,4.3270358482273014e-20,2.413360203851989e-25,"{'sigma': 0.09009947283462809, 'lam': -0.7693628428353314}","{'sigma': 0.03260774511742448, 'mu': -0.17918398681237324, 'w0': 0.5294005448588819, 'delta': 1.2830114748396682e-09, 'psi': 0.2}",{'sigma': 0.06785859370515199},0.0030639799821334107,0.06944065460498429
340,340,5.519877960020596,5.462825551027846,0.05705240899274955,0.044052570153445623,0.5450774715372527,0.36672047757008724,0.25818109779686715,,,,,,,,
341,341,5.404388247254103,5.443331119381334,-0.038942872127230466,0.04406037372591227,0.5443547491429827,0.36581574197263517,0.2581909603480613,,,,,,,,
342,342,5.189656204745308,5.423817952880775,-0.23416174813546675,0.044399477524640046,0.544112990600351,0.3632279231156658,0.25505318098572644,,,,,,,,
343,343,5.164537463239454,5.404285908953678,-0.23974844571422427,0.044785036286795435,0.5479462976386603,0.3637600860337272,0.25268143906983426,,,,,,,,
344,344,5.177981186471519,5.384734890196475,-0.2067537037249556,0.04506806615206962,0.5511589758214858,0.36819313479425475,0.2550281945659709,,,,,,,,
345,345,5.2853997009021505,5.3651648499753115,-0.07976514907316101,0.04510462460909296,0.5527350994955313,0.371247222830579,0.261086645137499,,,,,,,,
346,346,5.2215366674676735,5.345575784395261,-0.1240391169275874,0.0446385600841356,0.5606287099768683,0.3873753604114362,0.26434219878509874,,,,,,,,
347,347,5.246749039305026,5.325967715402312,-0.07921867609728572,0.044685595251110634,0.561554393063141,0.38913692024198654,0.27058632431659413,,,,,,,,
348,348,5.049707131314918,5.306340690989589,-0.25663355967467094,0.04483965467250734,0.5659303481011585,0.4035071024111003,0.27474114833776064,,,,,,,,
349,349,4.902195243279168,5.286694785240124,-0.38449954196095604,0.0457266207447445,0.5724580800959458,0.4048399040392511,0.2789913854967119,,,,,,,,
350,350,4.86167933267278,5.267030120421056,-0.4053507877482767,0.04628446871483975,0.5834188598321519,0.41173307757605576,0.28268069646873983,,,,,,,,
351,351,4.684920608669511,5.247346877963117,-0.5624262692936055,0.048085025999569875,0.5947168595528606,0.4273179963635099,0.2953650764170853,,,,,,,,
352,352,4.779124238742918,,,,,,,,,,,,,,
353,353,4.81082085600071,,,,,,,,,,,,,,
354,354,4.807423668700143,,,,,,,,,,,,,,
355,355,4.8062134443613065,,,,,,,,,,,,,,
356,356,5.042905327458875,,,,,,,,,,,,,,
357,357,4.888656785919561,,,,,,,,,,,,,,
358,358,4.503413313267545,,,,,,,,,,,,,,
359,359,4.471052522767776,,,,,,,,,,,,,,
360,360,4.39892112759198,,,,,,,,,,,,,,
361,361,4.259310843883301,,,,,,,,,,,,,,
362,362,4.054874422711784,,,,,,,,,,,,,,
363,363,3.909212878086196,,,,,,,,,,,,,,
364,364,3.8259960534009325,,,,,,,,,,,,,,
365,365,3.646338670578672,,,,,,,,,,,,,,
366,366,3.792918596181448,,,,,,,,,,,,,,
367,367,3.5431390451897986,,,,,,,,,,,,,,
368,368,3.2829969514311523,,,,,,,,,,,,,,
369,369,2.823425446494176,,,,,,,,,,,,,,
370,370,2.5284869656682067,,,,,,,,,,,,,,
371,371,1.9518509029906732,,,,,,,,,,,,,,
372,372,1.3435280887686178,,,,,,,,,,,,,,
373,373,0.6382559134097157,,,,,,,,,,,,,,
374,374,0.20970710354149813,,,,,,,,,,,,,,
375,375,0.2689718114839374,,,,,,,,,,,,,,
376,376,0.2800716410298575,,,,,,,,,,,,,,
377,377,0.2847222411103804,,,,,,,,,,,,,,
378,378,0.25834819285423405,,,,,,,,,,,,,,
379,379,0.27735827462325957,,,,,,,,,,,,,,
380,380,0.27226591305393094,,,,,,,,,,,,,,
381,381,0.2741010455178965,,,,,,,,,,,,,,
382,382,0.2765041694330683,,,,,,,,,,,,,,
383,383,0.2537131982192071,,,,,,,,,,,,,,
384,384,0.25640122934168846,,,,,,,,,,,,,,
385,385,0.2698121799825553,,,,,,,,,,,,,,
386,386,0.23225995605165384,,,,,,,,,,,,,,
387,387,0.2694748000907138,,,,,,,,,,,,,,
388,388,0.26586059441104604,,,,,,,,,,,,,,
389,389,0.2581207104641721,,,,,,,,,,,,,,
390,390,0.25956212737181034,,,,,,,,,,,,,,
391,391,0.24562883525700768,,,,,,,,,,,,,,
392,392,0.2506406262304339,,,,,,,,,,,,,,
393,393,0.26582331023669453,,,,,,,,,,,,,,
394,394,0.2693543020623093,,,,,,,,,,,,,,
395,395,0.2851834223585589,,,,,,,,,,,,,,
396,396,0.2524351488820736,,,,,,,,,,,,,,
397,397,0.24483938136090505,,,,,,,,,,,,,,
398,398,0.24495970827512353,,,,,,,,,,,,,,
399,399,0.23926838564918396,,,,,,,,,,,,,,
