Time,Frequency,Empirical
399.0,-3.141592653589793,0.00032610523472052333
399.0,-3.0630528372500487,0.0003057949117430626
399.0,-2.9845130209103035,0.00031452660173335724
399.0,-2.9059732045705586,0.0005054344430416885
399.0,-2.827433388230814,0.00044845614249508823
399.0,-2.748893571891069,0.0003453566660944631
399.0,-2.6703537555513246,0.00044138285040595186
399.0,-2.5918139392115793,0.0007305914219322098
399.0,-2.5132741228718345,0.000540849414556153
399.0,-2.4347343065320897,0.0006295207424154132
399.0,-2.356194490192345,0.0005733198812935614
399.0,-2.2776546738526005,0.0008172519374101426
399.0,-2.199114857512855,0.00041712908426480544
399.0,-2.1205750411731104,0.00035457371838126274
399.0,-2.0420352248333655,0.0007208566697872766
399.0,-1.9634954084936207,0.0006976912805977016
399.0,-1.884955592153876,0.0006350363423098894
399.0,-1.8064157758141313,0.0003858231399562048
399.0,-1.7278759594743864,0.0004478200904344416
399.0,-1.6493361431346414,0.00039441164371737617
399.0,-1.5707963267948966,0.0006137909527566477
399.0,-1.4922565104551517,0.0005982509597082348
399.0,-1.413716694115407,0.0008405894309052198
399.0,-1.3351768777756623,0.0007331691819828822
399.0,-1.2566370614359172,0.00056879172170315
399.0,-1.1780972450961724,0.0006474442063826711
399.0,-1.0995574287564276,0.0007760203226606055
399.0,-1.0210176124166828,0.0006645481560677398
399.0,-0.942477796076938,0.000829712833957424
399.0,-0.8639379797371932,0.0016420179879006475
399.0,-0.7853981633974483,0.001699449261412062
399.0,-0.7068583470577035,0.0013642019296839008
399.0,-0.6283185307179586,0.0014422854881555403
399.0,-0.5497787143782138,0.0010401913908358274
399.0,-0.471238898038469,0.0012671877723319687
399.0,-0.39269908169872414,0.0014329649440997967
399.0,-0.3141592653589793,0.0021756134656324517
399.0,-0.2356194490192345,0.0018454250959223843
399.0,-0.15707963267948966,0.0015552407634887083
399.0,-0.07853981633974483,0.0010180997650759407
399.0,0.0,0.00034553654074712277
399.0,0.07853981633974483,0.0010180997650759407
399.0,0.15707963267948966,0.0015552407634887083
399.0,0.2356194490192345,0.0018454250959223843
399.0,0.3141592653589793,0.0021756134656324517
399.0,0.39269908169872414,0.0014329649440997967
399.0,0.471238898038469,0.0012671877723319687
399.0,0.5497787143782138,0.0010401913908358274
399.0,0.6283185307179586,0.0014422854881555403
399.0,0.7068583470577035,0.0013642019296839008
399.0,0.7853981633974483,0.001699449261412062
399.0,0.8639379797371932,0.0016420179879006475
399.0,0.942477796076938,0.000829712833957424
399.0,1.0210176124166828,0.0006645481560677398
399.0,1.0995574287564276,0.0007760203226606055
399.0,1.1780972450961724,0.0006474442063826711
399.0,1.2566370614359172,0.00056879172170315
399.0,1.3351768777756623,0.0007331691819828822
399.0,1.413716694115407,0.0008405894309052198
399.0,1.4922565104551517,0.0005982509597082348
399.0,1.5707963267948966,0.0006137909527566477
399.0,1.6493361431346414,0.00039441164371737617
399.0,1.7278759594743864,0.0004478200904344416
399.0,1.8064157758141313,0.0003858231399562048
399.0,1.884955592153876,0.0006350363423098894
399.0,1.9634954084936207,0.0006976912805977016
399.0,2.0420352248333655,0.0007208566697872766
399.0,2.1205750411731104,0.00035457371838126274
399.0,2.199114857512855,0.00041712908426480544
399.0,2.2776546738526005,0.0008172519374101426
399.0,2.356194490192345,0.0005733198812935614
399.0,2.4347343065320897,0.0006295207424154132
399.0,2.5132741228718345,0.000540849414556153
399.0,2.5918139392115793,0.0007305914219322098
399.0,2.6703537555513246,0.00044138285040595186
399.0,2.748893571891069,0.0003453566660944631
399.0,2.827433388230814,0.00044845614249508823
399.0,2.9059732045705586,0.0005054344430416885
399.0,2.9845130209103035,0.00031452660173335724
399.0,3.0630528372500487,0.0003057949117430626
399.0,3.141592653589793,0.00032610523472052333
419.0,-3.141592653589793,0.0005233269686026646
419.0,-3.0630528372500487,0.0005395529865345602
419.0,-2.9845130209103035,0.0005331354018175484
419.0,-2.9059732045705586,0.0007045419753188475
419.0,-2.827433388230814,0.0007126415048288541
419.0,-2.748893571891069,0.00039442969491778387
419.0,-2.6703537555513246,0.000397726535002819
419.0,-2.5918139392115793,0.0007306817604953627
419.0,-2.5132741228718345,0.00043529086892672253
419.0,-2.4347343065320897,0.0004105725258493456
419.0,-2.356194490192345,0.0005540419937470607
419.0,-2.2776546738526005,0.0003389406646030246
419.0,-2.199114857512855,0.0003304056651437614
419.0,-2.1205750411731104,0.0004819752028793664
419.0,-2.0420352248333655,0.00040657716865843014
419.0,-1.9634954084936207,0.0004640676983955017
419.0,-1.884955592153876,0.00045756154114569357
419.0,-1.8064157758141313,0.00034782789608605734
419.0,-1.7278759594743864,0.0008129018755014259
419.0,-1.6493361431346414,0.000687600829021248
419.0,-1.5707963267948966,0.0009813273796583479
419.0,-1.4922565104551517,0.0011677479933286643
419.0,-1.413716694115407,0.00080118313120755
419.0,-1.3351768777756623,0.00022034090736771934
419.0,-1.2566370614359172,0.00024440792382818114
419.0,-1.1780972450961724,0.0004912216730504942
419.0,-1.0995574287564276,0.0005963015647983611
419.0,-1.0210176124166828,0.0005709839777465076
419.0,-0.942477796076938,0.0004578253076030958
419.0,-0.8639379797371932,0.0012195381468809894
419.0,-0.7853981633974483,0.0014983641357263846
419.0,-0.7068583470577035,0.0014825522832712418
419.0,-0.6283185307179586,0.0010184444514942073
419.0,-0.5497787143782138,0.0005661097596952419
419.0,-0.471238898038469,0.0007731751697133874
419.0,-0.39269908169872414,0.0008310158608509769
419.0,-0.3141592653589793,0.0009410483356430757
419.0,-0.2356194490192345,0.0013221607321357845
419.0,-0.15707963267948966,0.002097471849454219
419.0,-0.07853981633974483,0.0016788005615454413
419.0,0.0,0.0005140982385658971
419.0,0.07853981633974483,0.0016788005615454413
419.0,0.15707963267948966,0.002097471849454219
419.0,0.2356194490192345,0.0013221607321357845
419.0,0.3141592653589793,0.0009410483356430757
419.0,0.39269908169872414,0.0008310158608509769
419.0,0.471238898038469,0.0007731751697133874
419.0,0.5497787143782138,0.0005661097596952419
419.0,0.6283185307179586,0.0010184444514942073
419.0,0.7068583470577035,0.0014825522832712418
419.0,0.7853981633974483,0.0014983641357263846
419.0,0.8639379797371932,0.0012195381468809894
419.0,0.942477796076938,0.0004578253076030958
419.0,1.0210176124166828,0.0005709839777465076
419.0,1.0995574287564276,0.0005963015647983611
419.0,1.1780972450961724,0.0004912216730504942
419.0,1.2566370614359172,0.00024440792382818114
419.0,1.3351768777756623,0.00022034090736771934
419.0,1.413716694115407,0.00080118313120755
419.0,1.4922565104551517,0.0011677479933286643
419.0,1.5707963267948966,0.0009813273796583479
419.0,1.6493361431346414,0.000687600829021248
419.0,1.7278759594743864,0.0008129018755014259
419.0,1.8064157758141313,0.00034782789608605734
419.0,1.884955592153876,0.00045756154114569357
419.0,1.9634954084936207,0.0004640676983955017
419.0,2.0420352248333655,0.00040657716865843014
419.0,2.1205750411731104,0.0004819752028793664
419.0,2.199114857512855,0.0003304056651437614
419.0,2.2776546738526005,0.0003389406646030246
419.0,2.356194490192345,0.0005540419937470607
419.0,2.4347343065320897,0.0004105725258493456
419.0,2.5132741228718345,0.00043529086892672253
419.0,2.5918139392115793,0.0007306817604953627
419.0,2.6703537555513246,0.000397726535002819
419.0,2.748893571891069,0.00039442969491778387
419.0,2.827433388230814,0.0007126415048288541
419.0,2.9059732045705586,0.0007045419753188475
419.0,2.9845130209103035,0.0005331354018175484
419.0,3.0630528372500487,0.0005395529865345602
419.0,3.141592653589793,0.0005233269686026646
439.0,-3.141592653589793,0.0003235913685445456
439.0,-3.0630528372500487,0.00043783093017949696
439.0,-2.9845130209103035,0.0005481573987773903
439.0,-2.9059732045705586,0.0004816450977521205
439.0,-2.827433388230814,0.00037066065775757007
439.0,-2.748893571891069,0.0005089820470106364
439.0,-2.6703537555513246,0.0008118012480553233
439.0,-2.5918139392115793,0.0007171366805991967
439.0,-2.5132741228718345,0.0005792305802481241
439.0,-2.4347343065320897,0.0005154012609746794
439.0,-2.356194490192345,0.00036524431214058804
439.0,-2.2776546738526005,0.00044327589299212884
439.0,-2.199114857512855,0.0003687906264666339
439.0,-2.1205750411731104,0.00020208253566281886
439.0,-2.0420352248333655,0.0003790612381958647
439.0,-1.9634954084936207,0.0004040308710311052
439.0,-1.884955592153876,0.000294260172271127
439.0,-1.8064157758141313,0.000846518855458233
439.0,-1.7278759594743864,0.0008636080780997459
439.0,-1.6493361431346414,0.0004996111800925715
439.0,-1.5707963267948966,0.0004002703035900421
439.0,-1.4922565104551517,0.0005298666348447186
439.0,-1.413716694115407,0.0005289291852067884
439.0,-1.3351768777756623,0.0005191195425626282
439.0,-1.2566370614359172,0.0005914096794898262
439.0,-1.1780972450961724,0.0006206309862089269
439.0,-1.0995574287564276,0.0005939411758170341
439.0,-1.0210176124166828,0.0009515631584041717
439.0,-0.942477796076938,0.0009164220588872894
439.0,-0.8639379797371932,0.0012022687375284542
439.0,-0.7853981633974483,0.0014042758154892117
439.0,-0.7068583470577035,0.0019026176980011873
439.0,-0.6283185307179586,0.0024836603231592072
439.0,-0.5497787143782138,0.0021970194968375756
439.0,-0.471238898038469,0.0014137993409626827
439.0,-0.39269908169872414,0.0008743717029900704
439.0,-0.3141592653589793,0.0009059260949384999
439.0,-0.2356194490192345,0.0012644584788335843
439.0,-0.15707963267948966,0.0010570878701384949
439.0,-0.07853981633974483,0.0006033651891021975
439.0,0.0,0.000251876886055897
439.0,0.07853981633974483,0.0006033651891021975
439.0,0.15707963267948966,0.0010570878701384949
439.0,0.2356194490192345,0.0012644584788335843
439.0,0.3141592653589793,0.0009059260949384999
439.0,0.39269908169872414,0.0008743717029900704
439.0,0.471238898038469,0.0014137993409626827
439.0,0.5497787143782138,0.0021970194968375756
439.0,0.6283185307179586,0.0024836603231592072
439.0,0.7068583470577035,0.0019026176980011873
439.0,0.7853981633974483,0.0014042758154892117
439.0,0.8639379797371932,0.0012022687375284542
439.0,0.942477796076938,0.0009164220588872894
439.0,1.0210176124166828,0.0009515631584041717
439.0,1.0995574287564276,0.0005939411758170341
439.0,1.1780972450961724,0.0006206309862089269
439.0,1.2566370614359172,0.0005914096794898262
439.0,1.3351768777756623,0.0005191195425626282
439.0,1.413716694115407,0.0005289291852067884
439.0,1.4922565104551517,0.0005298666348447186
439.0,1.5707963267948966,0.0004002703035900421
439.0,1.6493361431346414,0.0004996111800925715
439.0,1.7278759594743864,0.0008636080780997459
439.0,1.8064157758141313,0.000846518855458233
439.0,1.884955592153876,0.000294260172271127
439.0,1.9634954084936207,0.0004040308710311052
439.0,2.0420352248333655,0.0003790612381958647
439.0,2.1205750411731104,0.00020208253566281886
439.0,2.199114857512855,0.0003687906264666339
439.0,2.2776546738526005,0.00044327589299212884
439.0,2.356194490192345,0.00036524431214058804
439.0,2.4347343065320897,0.0005154012609746794
439.0,2.5132741228718345,0.0005792305802481241
439.0,2.5918139392115793,0.0007171366805991967
439.0,2.6703537555513246,0.0008118012480553233
439.0,2.748893571891069,0.0005089820470106364
439.0,2.827433388230814,0.00037066065775757007
439.0,2.9059732045705586,0.0004816450977521205
439.0,2.9845130209103035,0.0005481573987773903
439.0,3.0630528372500487,0.00043783093017949696
439.0,3.141592653589793,0.0003235913685445456
459.0,-3.141592653589793,0.00020080347450445512
459.0,-3.0630528372500487,0.00033567078999419077
459.0,-2.9845130209103035,0.00036249590811247124
459.0,-2.9059732045705586,0.00042251603223851774
459.0,-2.827433388230814,0.0004690555296375845
459.0,-2.748893571891069,0.0005855886687442824
459.0,-2.6703537555513246,0.00032637060297278496
459.0,-2.5918139392115793,0.00047093412064278645
459.0,-2.5132741228718345,0.00047344233889097705
459.0,-2.4347343065320897,0.00033764753430830696
459.0,-2.356194490192345,0.0005301645600580226
459.0,-2.2776546738526005,0.0004273102638120984
459.0,-2.199114857512855,0.000424350622661165
459.0,-2.1205750411731104,0.0007281589187777944
459.0,-2.0420352248333655,0.0010896307331445998
459.0,-1.9634954084936207,0.0010016758792466397
459.0,-1.884955592153876,0.0005892157476618281
459.0,-1.8064157758141313,0.0005947372016452562
459.0,-1.7278759594743864,0.0004945160953430297
459.0,-1.6493361431346414,0.0004937133817336867
459.0,-1.5707963267948966,0.0005408843892319197
459.0,-1.4922565104551517,0.0003110310623445191
459.0,-1.413716694115407,0.00044685587202810084
459.0,-1.3351768777756623,0.0005321525681203771
459.0,-1.2566370614359172,0.0007287249851765086
459.0,-1.1780972450961724,0.0005383691557353047
459.0,-1.0995574287564276,0.00047276128597668616
459.0,-1.0210176124166828,0.0005820979818388193
459.0,-0.942477796076938,0.0006486123308484491
459.0,-0.8639379797371932,0.0009552547192154259
459.0,-0.7853981633974483,0.0013714629004030101
459.0,-0.7068583470577035,0.0014028870495209579
459.0,-0.6283185307179586,0.002044792712927583
459.0,-0.5497787143782138,0.0019800220937314238
459.0,-0.471238898038469,0.0013164958573045364
459.0,-0.39269908169872414,0.0010857369827429052
459.0,-0.3141592653589793,0.0012675852154791145
459.0,-0.2356194490192345,0.0014042091033391975
459.0,-0.15707963267948966,0.0011785525178781245
459.0,-0.07853981633974483,0.0009583367671371885
459.0,0.0,0.0001777255615013943
459.0,0.07853981633974483,0.0009583367671371885
459.0,0.15707963267948966,0.0011785525178781245
459.0,0.2356194490192345,0.0014042091033391975
459.0,0.3141592653589793,0.0012675852154791145
459.0,0.39269908169872414,0.0010857369827429052
459.0,0.471238898038469,0.0013164958573045364
459.0,0.5497787143782138,0.0019800220937314238
459.0,0.6283185307179586,0.002044792712927583
459.0,0.7068583470577035,0.0014028870495209579
459.0,0.7853981633974483,0.0013714629004030101
459.0,0.8639379797371932,0.0009552547192154259
459.0,0.942477796076938,0.0006486123308484491
459.0,1.0210176124166828,0.0005820979818388193
459.0,1.0995574287564276,0.00047276128597668616
459.0,1.1780972450961724,0.0005383691557353047
459.0,1.2566370614359172,0.0007287249851765086
459.0,1.3351768777756623,0.0005321525681203771
459.0,1.413716694115407,0.00044685587202810084
459.0,1.4922565104551517,0.0003110310623445191
459.0,1.5707963267948966,0.0005408843892319197
459.0,1.6493361431346414,0.0004937133817336867
459.0,1.7278759594743864,0.0004945160953430297
459.0,1.8064157758141313,0.0005947372016452562
459.0,1.884955592153876,0.0005892157476618281
459.0,1.9634954084936207,0.0010016758792466397
459.0,2.0420352248333655,0.0010896307331445998
459.0,2.1205750411731104,0.0007281589187777944
459.0,2.199114857512855,0.000424350622661165
459.0,2.2776546738526005,0.0004273102638120984
459.0,2.356194490192345,0.0005301645600580226
459.0,2.4347343065320897,0.00033764753430830696
459.0,2.5132741228718345,0.00047344233889097705
459.0,2.5918139392115793,0.00047093412064278645
459.0,2.6703537555513246,0.00032637060297278496
459.0,2.748893571891069,0.0005855886687442824
459.0,2.827433388230814,0.0004690555296375845
459.0,2.9059732045705586,0.00042251603223851774
459.0,2.9845130209103035,0.00036249590811247124
459.0,3.0630528372500487,0.00033567078999419077
459.0,3.141592653589793,0.00020080347450445512
479.0,-3.141592653589793,0.00022209349388623587
479.0,-3.0630528372500487,0.00028361472544408454
479.0,-2.9845130209103035,0.0003520196604867979
479.0,-2.9059732045705586,0.00039871505100644614
479.0,-2.827433388230814,0.00043385555097695723
479.0,-2.748893571891069,0.0003435397462563222
479.0,-2.6703537555513246,0.0008128158153637954
479.0,-2.5918139392115793,0.001158983503939448
479.0,-2.5132741228718345,0.0012796758258750154
479.0,-2.4347343065320897,0.0006543393178989761
479.0,-2.356194490192345,0.0005328267822088686
479.0,-2.2776546738526005,0.0005058088829981936
479.0,-2.199114857512855,0.0004980894527969629
479.0,-2.1205750411731104,0.00041213364935825826
479.0,-2.0420352248333655,0.00034056835726842456
479.0,-1.9634954084936207,0.00046391296680499714
479.0,-1.884955592153876,0.00059964056273361
479.0,-1.8064157758141313,0.0003872515570422023
479.0,-1.7278759594743864,0.0004620028653981762
479.0,-1.6493361431346414,0.0005716862654055034
479.0,-1.5707963267948966,0.0005218490137026372
479.0,-1.4922565104551517,0.00038163553958856796
479.0,-1.413716694115407,0.00024095257930061063
479.0,-1.3351768777756623,0.00033416550159663015
479.0,-1.2566370614359172,0.00044229125651108644
479.0,-1.1780972450961724,0.0006177249278894689
479.0,-1.0995574287564276,0.0004541981975555865
479.0,-1.0210176124166828,0.0003873755912819341
479.0,-0.942477796076938,0.000837336431670725
479.0,-0.8639379797371932,0.0018687679567092547
479.0,-0.7853981633974483,0.0015622968861057503
479.0,-0.7068583470577035,0.0015801263341834607
479.0,-0.6283185307179586,0.0007700844300506785
479.0,-0.5497787143782138,0.00035362403044933064
479.0,-0.471238898038469,0.0006041368710797391
479.0,-0.39269908169872414,0.0009741058750615551
479.0,-0.3141592653589793,0.0010598679941591937
479.0,-0.2356194490192345,0.0009306747769234017
479.0,-0.15707963267948966,0.0009388033227852347
479.0,-0.07853981633974483,0.0008028729294000693
479.0,0.0,0.0001240304352302876
479.0,0.07853981633974483,0.0008028729294000693
479.0,0.15707963267948966,0.0009388033227852347
479.0,0.2356194490192345,0.0009306747769234017
479.0,0.3141592653589793,0.0010598679941591937
479.0,0.39269908169872414,0.0009741058750615551
479.0,0.471238898038469,0.0006041368710797391
479.0,0.5497787143782138,0.00035362403044933064
479.0,0.6283185307179586,0.0007700844300506785
479.0,0.7068583470577035,0.0015801263341834607
479.0,0.7853981633974483,0.0015622968861057503
479.0,0.8639379797371932,0.0018687679567092547
479.0,0.942477796076938,0.000837336431670725
479.0,1.0210176124166828,0.0003873755912819341
479.0,1.0995574287564276,0.0004541981975555865
479.0,1.1780972450961724,0.0006177249278894689
479.0,1.2566370614359172,0.00044229125651108644
479.0,1.3351768777756623,0.00033416550159663015
479.0,1.413716694115407,0.00024095257930061063
479.0,1.4922565104551517,0.00038163553958856796
479.0,1.5707963267948966,0.0005218490137026372
479.0,1.6493361431346414,0.0005716862654055034
479.0,1.7278759594743864,0.0004620028653981762
479.0,1.8064157758141313,0.0003872515570422023
479.0,1.884955592153876,0.00059964056273361
479.0,1.9634954084936207,0.00046391296680499714
479.0,2.0420352248333655,0.00034056835726842456
479.0,2.1205750411731104,0.00041213364935825826
479.0,2.199114857512855,0.0004980894527969629
479.0,2.2776546738526005,0.0005058088829981936
479.0,2.356194490192345,0.0005328267822088686
479.0,2.4347343065320897,0.0006543393178989761
479.0,2.5132741228718345,0.0012796758258750154
479.0,2.5918139392115793,0.001158983503939448
479.0,2.6703537555513246,0.0008128158153637954
479.0,2.748893571891069,0.0003435397462563222
479.0,2.827433388230814,0.00043385555097695723
479.0,2.9059732045705586,0.00039871505100644614
479.0,2.9845130209103035,0.0003520196604867979
479.0,3.0630528372500487,0.00028361472544408454
479.0,3.141592653589793,0.00022209349388623587
499.0,-3.141592653589793,0.00035484495169028685
499.0,-3.0630528372500487,0.0004233587182540103
499.0,-2.9845130209103035,0.0005168641136814597
499.0,-2.9059732045705586,0.0005263364992831263
499.0,-2.827433388230814,0.0001777869024163784
499.0,-2.748893571891069,0.0003271399406074579
499.0,-2.6703537555513246,0.00029937903540929546
499.0,-2.5918139392115793,0.0003539417095030593
499.0,-2.5132741228718345,0.000602519121749262
499.0,-2.4347343065320897,0.0007294821574993761
499.0,-2.356194490192345,0.0006264563908648364
499.0,-2.2776546738526005,0.0005999211101827145
499.0,-2.199114857512855,0.0006354106706705506
499.0,-2.1205750411731104,0.0006830141108395283
499.0,-2.0420352248333655,0.00044100268763535666
499.0,-1.9634954084936207,0.00045067686010874704
499.0,-1.884955592153876,0.0004043141643404581
499.0,-1.8064157758141313,0.0006184190753664449
499.0,-1.7278759594743864,0.00043713794323093177
499.0,-1.6493361431346414,0.00038480529252501723
499.0,-1.5707963267948966,0.0004912499712947635
499.0,-1.4922565104551517,0.0006578175818301933
499.0,-1.413716694115407,0.0005839412364469159
499.0,-1.3351768777756623,0.0005556829983467393
499.0,-1.2566370614359172,0.000485289433061906
499.0,-1.1780972450961724,0.000584857765583306
499.0,-1.0995574287564276,0.0012748090570010736
499.0,-1.0210176124166828,0.0018330412356308873
499.0,-0.942477796076938,0.0014586143327045302
499.0,-0.8639379797371932,0.0012874525771325786
499.0,-0.7853981633974483,0.0011735614758235607
499.0,-0.7068583470577035,0.001760481776387626
499.0,-0.6283185307179586,0.0012361995668581656
499.0,-0.5497787143782138,0.0008609189277340092
499.0,-0.471238898038469,0.0008718890258698506
499.0,-0.39269908169872414,0.0012802244771835515
499.0,-0.3141592653589793,0.0013492140858363524
499.0,-0.2356194490192345,0.0014730447972160525
499.0,-0.15707963267948966,0.0015079501642105456
499.0,-0.07853981633974483,0.0012878121239006657
499.0,0.0,0.00034862331543994836
499.0,0.07853981633974483,0.0012878121239006657
499.0,0.15707963267948966,0.0015079501642105456
499.0,0.2356194490192345,0.0014730447972160525
499.0,0.3141592653589793,0.0013492140858363524
499.0,0.39269908169872414,0.0012802244771835515
499.0,0.471238898038469,0.0008718890258698506
499.0,0.5497787143782138,0.0008609189277340092
499.0,0.6283185307179586,0.0012361995668581656
499.0,0.7068583470577035,0.001760481776387626
499.0,0.7853981633974483,0.0011735614758235607
499.0,0.8639379797371932,0.0012874525771325786
499.0,0.942477796076938,0.0014586143327045302
499.0,1.0210176124166828,0.0018330412356308873
499.0,1.0995574287564276,0.0012748090570010736
499.0,1.1780972450961724,0.000584857765583306
499.0,1.2566370614359172,0.000485289433061906
499.0,1.3351768777756623,0.0005556829983467393
499.0,1.413716694115407,0.0005839412364469159
499.0,1.4922565104551517,0.0006578175818301933
499.0,1.5707963267948966,0.0004912499712947635
499.0,1.6493361431346414,0.00038480529252501723
499.0,1.7278759594743864,0.00043713794323093177
499.0,1.8064157758141313,0.0006184190753664449
499.0,1.884955592153876,0.0004043141643404581
499.0,1.9634954084936207,0.00045067686010874704
499.0,2.0420352248333655,0.00044100268763535666
499.0,2.1205750411731104,0.0006830141108395283
499.0,2.199114857512855,0.0006354106706705506
499.0,2.2776546738526005,0.0005999211101827145
499.0,2.356194490192345,0.0006264563908648364
499.0,2.4347343065320897,0.0007294821574993761
499.0,2.5132741228718345,0.000602519121749262
499.0,2.5918139392115793,0.0003539417095030593
499.0,2.6703537555513246,0.00029937903540929546
499.0,2.748893571891069,0.0003271399406074579
499.0,2.827433388230814,0.0001777869024163784
499.0,2.9059732045705586,0.0005263364992831263
499.0,2.9845130209103035,0.0005168641136814597
499.0,3.0630528372500487,0.0004233587182540103
499.0,3.141592653589793,0.00035484495169028685
519.0,-3.141592653589793,0.0004928345297240963
519.0,-3.0630528372500487,0.00030520928476796493
519.0,-2.9845130209103035,0.0003333688462010948
519.0,-2.9059732045705586,0.0008338299169968988
519.0,-2.827433388230814,0.0009441947839992553
519.0,-2.748893571891069,0.00044525010789690377
519.0,-2.6703537555513246,0.0006094600603809355
519.0,-2.5918139392115793,0.000737435019323679
519.0,-2.5132741228718345,0.0006671669895202561
519.0,-2.4347343065320897,0.0004015753410224261
519.0,-2.356194490192345,0.0003894476412116346
519.0,-2.2776546738526005,0.0002682532227606399
519.0,-2.199114857512855,0.0003051923809559116
519.0,-2.1205750411731104,0.00037009750180623546
519.0,-2.0420352248333655,0.00046762163774485534
519.0,-1.9634954084936207,0.0013106122076242616
519.0,-1.884955592153876,0.0013327313771576274
519.0,-1.8064157758141313,0.0008589770944779806
519.0,-1.7278759594743864,0.0009689130215765612
519.0,-1.6493361431346414,0.0009252989151157507
519.0,-1.5707963267948966,0.0007105143542732428
519.0,-1.4922565104551517,0.0005862443840706569
519.0,-1.413716694115407,0.0004683386835952557
519.0,-1.3351768777756623,0.0007000222728638347
519.0,-1.2566370614359172,0.0005837592003907505
519.0,-1.1780972450961724,0.0006497731056796723
519.0,-1.0995574287564276,0.0006586645410257599
519.0,-1.0210176124166828,0.0003713732150227888
519.0,-0.942477796076938,0.0005724017460247222
519.0,-0.8639379797371932,0.0006916769727476969
519.0,-0.7853981633974483,0.0007019060452055746
519.0,-0.7068583470577035,0.0007061851381463013
519.0,-0.6283185307179586,0.000551320467423739
519.0,-0.5497787143782138,0.000547049744816269
519.0,-0.471238898038469,0.0003643228580916518
519.0,-0.39269908169872414,0.0006098266336381095
519.0,-0.3141592653589793,0.0010456110761150352
519.0,-0.2356194490192345,0.001012172944045239
519.0,-0.15707963267948966,0.0011711984527154797
519.0,-0.07853981633974483,0.0010904121053779989
519.0,0.0,0.0004081562312143324
519.0,0.07853981633974483,0.0010904121053779989
519.0,0.15707963267948966,0.0011711984527154797
519.0,0.2356194490192345,0.001012172944045239
519.0,0.3141592653589793,0.0010456110761150352
519.0,0.39269908169872414,0.0006098266336381095
519.0,0.471238898038469,0.0003643228580916518
519.0,0.5497787143782138,0.000547049744816269
519.0,0.6283185307179586,0.000551320467423739
519.0,0.7068583470577035,0.0007061851381463013
519.0,0.7853981633974483,0.0007019060452055746
519.0,0.8639379797371932,0.0006916769727476969
519.0,0.942477796076938,0.0005724017460247222
519.0,1.0210176124166828,0.0003713732150227888
519.0,1.0995574287564276,0.0006586645410257599
519.0,1.1780972450961724,0.0006497731056796723
519.0,1.2566370614359172,0.0005837592003907505
519.0,1.3351768777756623,0.0007000222728638347
519.0,1.413716694115407,0.0004683386835952557
519.0,1.4922565104551517,0.0005862443840706569
519.0,1.5707963267948966,0.0007105143542732428
519.0,1.6493361431346414,0.0009252989151157507
519.0,1.7278759594743864,0.0009689130215765612
519.0,1.8064157758141313,0.0008589770944779806
519.0,1.884955592153876,0.0013327313771576274
519.0,1.9634954084936207,0.0013106122076242616
519.0,2.0420352248333655,0.00046762163774485534
519.0,2.1205750411731104,0.00037009750180623546
519.0,2.199114857512855,0.0003051923809559116
519.0,2.2776546738526005,0.0002682532227606399
519.0,2.356194490192345,0.0003894476412116346
519.0,2.4347343065320897,0.0004015753410224261
519.0,2.5132741228718345,0.0006671669895202561
519.0,2.5918139392115793,0.000737435019323679
519.0,2.6703537555513246,0.0006094600603809355
519.0,2.748893571891069,0.00044525010789690377
519.0,2.827433388230814,0.0009441947839992553
519.0,2.9059732045705586,0.0008338299169968988
519.0,2.9845130209103035,0.0003333688462010948
519.0,3.0630528372500487,0.00030520928476796493
519.0,3.141592653589793,0.0004928345297240963
539.0,-3.141592653589793,0.0003899135342597316
539.0,-3.0630528372500487,0.0001230553828839717
539.0,-2.9845130209103035,0.0001504980786671064
539.0,-2.9059732045705586,0.0004277599082895183
539.0,-2.827433388230814,0.000357738263048722
539.0,-2.748893571891069,0.0004029116214864716
539.0,-2.6703537555513246,0.00047708979071085593
539.0,-2.5918139392115793,0.00022607268494941277
539.0,-2.5132741228718345,0.0003843806768007338
539.0,-2.4347343065320897,0.0004888449889592476
539.0,-2.356194490192345,0.0007017435821612026
539.0,-2.2776546738526005,0.00023707818051730864
539.0,-2.199114857512855,0.0004060206434929178
539.0,-2.1205750411731104,0.00024407774280686893
539.0,-2.0420352248333655,0.00018266901099362896
539.0,-1.9634954084936207,0.00015634900217472973
539.0,-1.884955592153876,0.00029323081341753917
539.0,-1.8064157758141313,0.00033465006566093326
539.0,-1.7278759594743864,0.0002075250238615753
539.0,-1.6493361431346414,0.0005307394346742316
539.0,-1.5707963267948966,0.0004667246378202341
539.0,-1.4922565104551517,0.00078949822766743
539.0,-1.413716694115407,0.0007111865782828694
539.0,-1.3351768777756623,0.000489913716421029
539.0,-1.2566370614359172,0.0006319275872686096
539.0,-1.1780972450961724,0.0006511711394073385
539.0,-1.0995574287564276,0.0004749199094821394
539.0,-1.0210176124166828,0.0005657908960120398
539.0,-0.942477796076938,0.0009974922720758096
539.0,-0.8639379797371932,0.0010694449367191939
539.0,-0.7853981633974483,0.0014114071840192902
539.0,-0.7068583470577035,0.0013720480397003323
539.0,-0.6283185307179586,0.0012427084086062978
539.0,-0.5497787143782138,0.0016870483511633278
539.0,-0.471238898038469,0.0015088243920900642
539.0,-0.39269908169872414,0.0014102876904670244
539.0,-0.3141592653589793,0.0010531159205549579
539.0,-0.2356194490192345,0.001090148469630228
539.0,-0.15707963267948966,0.0014658787961420656
539.0,-0.07853981633974483,0.0015310359882948087
539.0,0.0,0.0006691737099784402
539.0,0.07853981633974483,0.0015310359882948087
539.0,0.15707963267948966,0.0014658787961420656
539.0,0.2356194490192345,0.001090148469630228
539.0,0.3141592653589793,0.0010531159205549579
539.0,0.39269908169872414,0.0014102876904670244
539.0,0.471238898038469,0.0015088243920900642
539.0,0.5497787143782138,0.0016870483511633278
539.0,0.6283185307179586,0.0012427084086062978
539.0,0.7068583470577035,0.0013720480397003323
539.0,0.7853981633974483,0.0014114071840192902
539.0,0.8639379797371932,0.0010694449367191939
539.0,0.942477796076938,0.0009974922720758096
539.0,1.0210176124166828,0.0005657908960120398
539.0,1.0995574287564276,0.0004749199094821394
539.0,1.1780972450961724,0.0006511711394073385
539.0,1.2566370614359172,0.0006319275872686096
539.0,1.3351768777756623,0.000489913716421029
539.0,1.413716694115407,0.0007111865782828694
539.0,1.4922565104551517,0.00078949822766743
539.0,1.5707963267948966,0.0004667246378202341
539.0,1.6493361431346414,0.0005307394346742316
539.0,1.7278759594743864,0.0002075250238615753
539.0,1.8064157758141313,0.00033465006566093326
539.0,1.884955592153876,0.00029323081341753917
539.0,1.9634954084936207,0.00015634900217472973
539.0,2.0420352248333655,0.00018266901099362896
539.0,2.1205750411731104,0.00024407774280686893
539.0,2.199114857512855,0.0004060206434929178
539.0,2.2776546738526005,0.00023707818051730864
539.0,2.356194490192345,0.0007017435821612026
539.0,2.4347343065320897,0.0004888449889592476
539.0,2.5132741228718345,0.0003843806768007338
539.0,2.5918139392115793,0.00022607268494941277
539.0,2.6703537555513246,0.00047708979071085593
539.0,2.748893571891069,0.0004029116214864716
539.0,2.827433388230814,0.000357738263048722
539.0,2.9059732045705586,0.0004277599082895183
539.0,2.9845130209103035,0.0001504980786671064
539.0,3.0630528372500487,0.0001230553828839717
539.0,3.141592653589793,0.0003899135342597316
559.0,-3.141592653589793,0.0002838725951720214
559.0,-3.0630528372500487,0.0002930905735281316
559.0,-2.9845130209103035,0.00041557186799078677
559.0,-2.9059732045705586,0.00040730911172852174
559.0,-2.827433388230814,0.0004861695246687806
559.0,-2.748893571891069,0.0006646849219336236
559.0,-2.6703537555513246,0.0007750233801693986
559.0,-2.5918139392115793,0.0005112879319280111
559.0,-2.5132741228718345,0.0002730003416702928
559.0,-2.4347343065320897,0.0003298362107520977
559.0,-2.356194490192345,0.0005294184022384253
559.0,-2.2776546738526005,0.0006972182045257572
559.0,-2.199114857512855,0.0006000137023261964
559.0,-2.1205750411731104,0.0006801728509429728
559.0,-2.0420352248333655,0.0008000836766857781
559.0,-1.9634954084936207,0.0005776692811169952
559.0,-1.884955592153876,0.000529025629244666
559.0,-1.8064157758141313,0.0005256950246542507
559.0,-1.7278759594743864,0.0004471011845818586
559.0,-1.6493361431346414,0.0006578182915912489
559.0,-1.5707963267948966,0.0006265986145500658
559.0,-1.4922565104551517,0.0004720083284315773
559.0,-1.413716694115407,0.0002961995772989853
559.0,-1.3351768777756623,0.0005244460225777012
559.0,-1.2566370614359172,0.000712447921710313
559.0,-1.1780972450961724,0.0007210596921582951
559.0,-1.0995574287564276,0.0004833627793882828
559.0,-1.0210176124166828,0.0005400658835124824
559.0,-0.942477796076938,0.0007604940406448287
559.0,-0.8639379797371932,0.0012826143633094733
559.0,-0.7853981633974483,0.0007307476836992282
559.0,-0.7068583470577035,0.001123418733200141
559.0,-0.6283185307179586,0.0009031885280877657
559.0,-0.5497787143782138,0.0007488705165416309
559.0,-0.471238898038469,0.0007964069430244833
559.0,-0.39269908169872414,0.001636280371992814
559.0,-0.3141592653589793,0.0018853093845061643
559.0,-0.2356194490192345,0.0011947378631414975
559.0,-0.15707963267948966,0.0010557101998727885
559.0,-0.07853981633974483,0.0013003180743249275
559.0,0.0,0.00027393953650320835
559.0,0.07853981633974483,0.0013003180743249275
559.0,0.15707963267948966,0.0010557101998727885
559.0,0.2356194490192345,0.0011947378631414975
559.0,0.3141592653589793,0.0018853093845061643
559.0,0.39269908169872414,0.001636280371992814
559.0,0.471238898038469,0.0007964069430244833
559.0,0.5497787143782138,0.0007488705165416309
559.0,0.6283185307179586,0.0009031885280877657
559.0,0.7068583470577035,0.001123418733200141
559.0,0.7853981633974483,0.0007307476836992282
559.0,0.8639379797371932,0.0012826143633094733
559.0,0.942477796076938,0.0007604940406448287
559.0,1.0210176124166828,0.0005400658835124824
559.0,1.0995574287564276,0.0004833627793882828
559.0,1.1780972450961724,0.0007210596921582951
559.0,1.2566370614359172,0.000712447921710313
559.0,1.3351768777756623,0.0005244460225777012
559.0,1.413716694115407,0.0002961995772989853
559.0,1.4922565104551517,0.0004720083284315773
559.0,1.5707963267948966,0.0006265986145500658
559.0,1.6493361431346414,0.0006578182915912489
559.0,1.7278759594743864,0.0004471011845818586
559.0,1.8064157758141313,0.0005256950246542507
559.0,1.884955592153876,0.000529025629244666
559.0,1.9634954084936207,0.0005776692811169952
559.0,2.0420352248333655,0.0008000836766857781
559.0,2.1205750411731104,0.0006801728509429728
559.0,2.199114857512855,0.0006000137023261964
559.0,2.2776546738526005,0.0006972182045257572
559.0,2.356194490192345,0.0005294184022384253
559.0,2.4347343065320897,0.0003298362107520977
559.0,2.5132741228718345,0.0002730003416702928
559.0,2.5918139392115793,0.0005112879319280111
559.0,2.6703537555513246,0.0007750233801693986
559.0,2.748893571891069,0.0006646849219336236
559.0,2.827433388230814,0.0004861695246687806
559.0,2.9059732045705586,0.00040730911172852174
559.0,2.9845130209103035,0.00041557186799078677
559.0,3.0630528372500487,0.0002930905735281316
559.0,3.141592653589793,0.0002838725951720214
579.0,-3.141592653589793,0.00014661925834522785
579.0,-3.0630528372500487,0.0002600457723397917
579.0,-2.9845130209103035,0.00027096736490176516
579.0,-2.9059732045705586,0.00029881595261208076
579.0,-2.827433388230814,0.0003809885682574337
579.0,-2.748893571891069,0.00029578814490692344
579.0,-2.6703537555513246,0.00026498929704728475
579.0,-2.5918139392115793,0.000395978580448595
579.0,-2.5132741228718345,0.00040013550017305394
579.0,-2.4347343065320897,0.00042403894395839366
579.0,-2.356194490192345,0.0005218395719862916
579.0,-2.2776546738526005,0.00034749676211672594
579.0,-2.199114857512855,0.0003972076083397383
579.0,-2.1205750411731104,0.0005023482227885958
579.0,-2.0420352248333655,0.0003837762446556265
579.0,-1.9634954084936207,0.0003575805178650359
579.0,-1.884955592153876,0.000377200661371136
579.0,-1.8064157758141313,0.0003746647226325817
579.0,-1.7278759594743864,0.000374861149708168
579.0,-1.6493361431346414,0.0003910927467112415
579.0,-1.5707963267948966,0.000342947080497183
579.0,-1.4922565104551517,0.00034268180517322915
579.0,-1.413716694115407,0.000655724894430456
579.0,-1.3351768777756623,0.0009199307693523273
579.0,-1.2566370614359172,0.0008573349316388491
579.0,-1.1780972450961724,0.0010067105540810272
579.0,-1.0995574287564276,0.0008359787919683725
579.0,-1.0210176124166828,0.0012221441239189663
579.0,-0.942477796076938,0.0012930477109280164
579.0,-0.8639379797371932,0.0013585585045910154
579.0,-0.7853981633974483,0.001349901682619131
579.0,-0.7068583470577035,0.0014511489208993468
579.0,-0.6283185307179586,0.0011649000147559057
579.0,-0.5497787143782138,0.0010241659877156337
579.0,-0.471238898038469,0.0011802979166582919
579.0,-0.39269908169872414,0.0019053462746376774
579.0,-0.3141592653589793,0.0015267525314969742
579.0,-0.2356194490192345,0.0018826729051514965
579.0,-0.15707963267948966,0.0015009424222712908
579.0,-0.07853981633974483,0.0020970834935755485
579.0,0.0,0.0012808064393281069
579.0,0.07853981633974483,0.0020970834935755485
579.0,0.15707963267948966,0.0015009424222712908
579.0,0.2356194490192345,0.0018826729051514965
579.0,0.3141592653589793,0.0015267525314969742
579.0,0.39269908169872414,0.0019053462746376774
579.0,0.471238898038469,0.0011802979166582919
579.0,0.5497787143782138,0.0010241659877156337
579.0,0.6283185307179586,0.0011649000147559057
579.0,0.7068583470577035,0.0014511489208993468
579.0,0.7853981633974483,0.001349901682619131
579.0,0.8639379797371932,0.0013585585045910154
579.0,0.942477796076938,0.0012930477109280164
579.0,1.0210176124166828,0.0012221441239189663
579.0,1.0995574287564276,0.0008359787919683725
579.0,1.1780972450961724,0.0010067105540810272
579.0,1.2566370614359172,0.0008573349316388491
579.0,1.3351768777756623,0.0009199307693523273
579.0,1.413716694115407,0.000655724894430456
579.0,1.4922565104551517,0.00034268180517322915
579.0,1.5707963267948966,0.000342947080497183
579.0,1.6493361431346414,0.0003910927467112415
579.0,1.7278759594743864,0.000374861149708168
579.0,1.8064157758141313,0.0003746647226325817
579.0,1.884955592153876,0.000377200661371136
579.0,1.9634954084936207,0.0003575805178650359
579.0,2.0420352248333655,0.0003837762446556265
579.0,2.1205750411731104,0.0005023482227885958
579.0,2.199114857512855,0.0003972076083397383
579.0,2.2776546738526005,0.00034749676211672594
579.0,2.356194490192345,0.0005218395719862916
579.0,2.4347343065320897,0.00042403894395839366
579.0,2.5132741228718345,0.00040013550017305394
579.0,2.5918139392115793,0.000395978580448595
579.0,2.6703537555513246,0.00026498929704728475
579.0,2.748893571891069,0.00029578814490692344
579.0,2.827433388230814,0.0003809885682574337
579.0,2.9059732045705586,0.00029881595261208076
579.0,2.9845130209103035,0.00027096736490176516
579.0,3.0630528372500487,0.0002600457723397917
579.0,3.141592653589793,0.00014661925834522785
599.0,-3.141592653589793,0.00012309945439887898
599.0,-3.0630528372500487,0.00016921344846801035
599.0,-2.9845130209103035,0.0002491486992319862
599.0,-2.9059732045705586,0.0004013638964948645
599.0,-2.827433388230814,0.00035958469156830434
599.0,-2.748893571891069,0.00024285274031359347
599.0,-2.6703537555513246,0.0002885519498470566
599.0,-2.5918139392115793,0.00037437761824442816
599.0,-2.5132741228718345,0.0005325954832339206
599.0,-2.4347343065320897,0.000450449767273148
599.0,-2.356194490192345,0.00026460293225934504
599.0,-2.2776546738526005,0.00036314741198024405
599.0,-2.199114857512855,0.0003869132652540929
599.0,-2.1205750411731104,0.00025331334828175057
599.0,-2.0420352248333655,0.00031143764725971243
599.0,-1.9634954084936207,0.00022474171802795782
599.0,-1.884955592153876,0.0003276377547103207
599.0,-1.8064157758141313,0.00031503149744909457
599.0,-1.7278759594743864,0.00037739575974206206
599.0,-1.6493361431346414,0.0005150349948251634
599.0,-1.5707963267948966,0.0005282430815997119
599.0,-1.4922565104551517,0.0006847077581533158
599.0,-1.413716694115407,0.000530925998499777
599.0,-1.3351768777756623,0.00038819240708315396
599.0,-1.2566370614359172,0.0003559458374040487
599.0,-1.1780972450961724,0.000442153220360841
599.0,-1.0995574287564276,0.0004351332222917096
599.0,-1.0210176124166828,0.0006325009720050787
599.0,-0.942477796076938,0.001135973737709819
599.0,-0.8639379797371932,0.0014399102548423386
599.0,-0.7853981633974483,0.0015629562411143636
599.0,-0.7068583470577035,0.0015004285677079462
599.0,-0.6283185307179586,0.001316416573064254
599.0,-0.5497787143782138,0.0011009163454461055
599.0,-0.471238898038469,0.0015155124702593986
599.0,-0.39269908169872414,0.0022454514915503845
599.0,-0.3141592653589793,0.001879905334866097
599.0,-0.2356194490192345,0.0009895514808830937
599.0,-0.15707963267948966,0.0008919499148467155
599.0,-0.07853981633974483,0.0014439787400816887
599.0,0.0,0.0004944915340132381
599.0,0.07853981633974483,0.0014439787400816887
599.0,0.15707963267948966,0.0008919499148467155
599.0,0.2356194490192345,0.0009895514808830937
599.0,0.3141592653589793,0.001879905334866097
599.0,0.39269908169872414,0.0022454514915503845
599.0,0.471238898038469,0.0015155124702593986
599.0,0.5497787143782138,0.0011009163454461055
599.0,0.6283185307179586,0.001316416573064254
599.0,0.7068583470577035,0.0015004285677079462
599.0,0.7853981633974483,0.0015629562411143636
599.0,0.8639379797371932,0.0014399102548423386
599.0,0.942477796076938,0.001135973737709819
599.0,1.0210176124166828,0.0006325009720050787
599.0,1.0995574287564276,0.0004351332222917096
599.0,1.1780972450961724,0.000442153220360841
599.0,1.2566370614359172,0.0003559458374040487
599.0,1.3351768777756623,0.00038819240708315396
599.0,1.413716694115407,0.000530925998499777
599.0,1.4922565104551517,0.0006847077581533158
599.0,1.5707963267948966,0.0005282430815997119
599.0,1.6493361431346414,0.0005150349948251634
599.0,1.7278759594743864,0.00037739575974206206
599.0,1.8064157758141313,0.00031503149744909457
599.0,1.884955592153876,0.0003276377547103207
599.0,1.9634954084936207,0.00022474171802795782
599.0,2.0420352248333655,0.00031143764725971243
599.0,2.1205750411731104,0.00025331334828175057
599.0,2.199114857512855,0.0003869132652540929
599.0,2.2776546738526005,0.00036314741198024405
599.0,2.356194490192345,0.00026460293225934504
599.0,2.4347343065320897,0.000450449767273148
599.0,2.5132741228718345,0.0005325954832339206
599.0,2.5918139392115793,0.00037437761824442816
599.0,2.6703537555513246,0.0002885519498470566
599.0,2.748893571891069,0.00024285274031359347
599.0,2.827433388230814,0.00035958469156830434
599.0,2.9059732045705586,0.0004013638964948645
599.0,2.9845130209103035,0.0002491486992319862
599.0,3.0630528372500487,0.00016921344846801035
599.0,3.141592653589793,0.00012309945439887898
619.0,-3.141592653589793,0.0002799195661346068
619.0,-3.0630528372500487,0.00042564911085249375
619.0,-2.9845130209103035,0.00039498538088274146
619.0,-2.9059732045705586,0.00055805974342094
619.0,-2.827433388230814,0.000752522515793855
619.0,-2.748893571891069,0.0006064405735300903
619.0,-2.6703537555513246,0.0005756626929315965
619.0,-2.5918139392115793,0.0004806396812512989
619.0,-2.5132741228718345,0.0004951310279820398
619.0,-2.4347343065320897,0.0006510355680996601
619.0,-2.356194490192345,0.000538961679049129
619.0,-2.2776546738526005,0.0005230394814303559
619.0,-2.199114857512855,0.0005116315475345714
619.0,-2.1205750411731104,0.0004670246086647072
619.0,-2.0420352248333655,0.0006003451141321717
619.0,-1.9634954084936207,0.0005528850561077619
619.0,-1.884955592153876,0.0004820098287231566
619.0,-1.8064157758141313,0.00043608882224584276
619.0,-1.7278759594743864,0.0004157289371885227
619.0,-1.6493361431346414,0.00047022317458224056
619.0,-1.5707963267948966,0.0005470279929094643
619.0,-1.4922565104551517,0.0009671870865427896
619.0,-1.413716694115407,0.0008122734678105733
619.0,-1.3351768777756623,0.00023923969350064572
619.0,-1.2566370614359172,0.0006352777939502409
619.0,-1.1780972450961724,0.0008434028368636499
619.0,-1.0995574287564276,0.0007310095132865572
619.0,-1.0210176124166828,0.001166058488073216
619.0,-0.942477796076938,0.0012208224100093308
619.0,-0.8639379797371932,0.0006956923969914901
619.0,-0.7853981633974483,0.0004102432211232759
619.0,-0.7068583470577035,0.001011713011662087
619.0,-0.6283185307179586,0.001907491602555642
619.0,-0.5497787143782138,0.0024093273468366893
619.0,-0.471238898038469,0.0018061170613533008
619.0,-0.39269908169872414,0.0015244107427816638
619.0,-0.3141592653589793,0.002032583195222584
619.0,-0.2356194490192345,0.0012866061049228454
619.0,-0.15707963267948966,0.001485731265587585
619.0,-0.07853981633974483,0.0015499232543333397
619.0,0.0,0.0006657299946088256
619.0,0.07853981633974483,0.0015499232543333397
619.0,0.15707963267948966,0.001485731265587585
619.0,0.2356194490192345,0.0012866061049228454
619.0,0.3141592653589793,0.002032583195222584
619.0,0.39269908169872414,0.0015244107427816638
619.0,0.471238898038469,0.0018061170613533008
619.0,0.5497787143782138,0.0024093273468366893
619.0,0.6283185307179586,0.001907491602555642
619.0,0.7068583470577035,0.001011713011662087
619.0,0.7853981633974483,0.0004102432211232759
619.0,0.8639379797371932,0.0006956923969914901
619.0,0.942477796076938,0.0012208224100093308
619.0,1.0210176124166828,0.001166058488073216
619.0,1.0995574287564276,0.0007310095132865572
619.0,1.1780972450961724,0.0008434028368636499
619.0,1.2566370614359172,0.0006352777939502409
619.0,1.3351768777756623,0.00023923969350064572
619.0,1.413716694115407,0.0008122734678105733
619.0,1.4922565104551517,0.0009671870865427896
619.0,1.5707963267948966,0.0005470279929094643
619.0,1.6493361431346414,0.00047022317458224056
619.0,1.7278759594743864,0.0004157289371885227
619.0,1.8064157758141313,0.00043608882224584276
619.0,1.884955592153876,0.0004820098287231566
619.0,1.9634954084936207,0.0005528850561077619
619.0,2.0420352248333655,0.0006003451141321717
619.0,2.1205750411731104,0.0004670246086647072
619.0,2.199114857512855,0.0005116315475345714
619.0,2.2776546738526005,0.0005230394814303559
619.0,2.356194490192345,0.000538961679049129
619.0,2.4347343065320897,0.0006510355680996601
619.0,2.5132741228718345,0.0004951310279820398
619.0,2.5918139392115793,0.0004806396812512989
619.0,2.6703537555513246,0.0005756626929315965
619.0,2.748893571891069,0.0006064405735300903
619.0,2.827433388230814,0.000752522515793855
619.0,2.9059732045705586,0.00055805974342094
619.0,2.9845130209103035,0.00039498538088274146
619.0,3.0630528372500487,0.00042564911085249375
619.0,3.141592653589793,0.0002799195661346068
639.0,-3.141592653589793,0.0002897459552733214
639.0,-3.0630528372500487,0.00023620223174916155
639.0,-2.9845130209103035,0.000306075214746348
639.0,-2.9059732045705586,0.000420859861812035
639.0,-2.827433388230814,0.0003750389276094027
639.0,-2.748893571891069,0.0003003758821636526
639.0,-2.6703537555513246,0.00032890519581352343
639.0,-2.5918139392115793,0.0007477412555227201
639.0,-2.5132741228718345,0.0004439427171501829
639.0,-2.4347343065320897,0.0002747452358578275
639.0,-2.356194490192345,0.0003151804821910456
639.0,-2.2776546738526005,0.0006781728914033743
639.0,-2.199114857512855,0.0005722277671378413
639.0,-2.1205750411731104,0.0005123408095195624
639.0,-2.0420352248333655,0.0004293779102107093
639.0,-1.9634954084936207,0.0003838672039680078
639.0,-1.884955592153876,0.0003897240938349837
639.0,-1.8064157758141313,0.00033843836865111293
639.0,-1.7278759594743864,0.0006423171695141105
639.0,-1.6493361431346414,0.00047789722832785746
639.0,-1.5707963267948966,0.000589694113481968
639.0,-1.4922565104551517,0.0008509747671233023
639.0,-1.413716694115407,0.0005630771743208011
639.0,-1.3351768777756623,0.0006617204354539472
639.0,-1.2566370614359172,0.0005149588732823951
639.0,-1.1780972450961724,0.0005810103879016349
639.0,-1.0995574287564276,0.0011315934286780668
639.0,-1.0210176124166828,0.0009561673360425014
639.0,-0.942477796076938,0.0011166205607516025
639.0,-0.8639379797371932,0.003198787955197147
639.0,-0.7853981633974483,0.003008361472863438
639.0,-0.7068583470577035,0.0021796225169313055
639.0,-0.6283185307179586,0.0024685372716010123
639.0,-0.5497787143782138,0.0015303973524428394
639.0,-0.471238898038469,0.001224887220100442
639.0,-0.39269908169872414,0.0010510543367336911
639.0,-0.3141592653589793,0.001506966396778146
639.0,-0.2356194490192345,0.0021842064913259354
639.0,-0.15707963267948966,0.0015059478343247132
639.0,-0.07853981633974483,0.0010548424910671263
639.0,0.0,0.0001335949821045123
639.0,0.07853981633974483,0.0010548424910671263
639.0,0.15707963267948966,0.0015059478343247132
639.0,0.2356194490192345,0.0021842064913259354
639.0,0.3141592653589793,0.001506966396778146
639.0,0.39269908169872414,0.0010510543367336911
639.0,0.471238898038469,0.001224887220100442
639.0,0.5497787143782138,0.0015303973524428394
639.0,0.6283185307179586,0.0024685372716010123
639.0,0.7068583470577035,0.0021796225169313055
639.0,0.7853981633974483,0.003008361472863438
639.0,0.8639379797371932,0.003198787955197147
639.0,0.942477796076938,0.0011166205607516025
639.0,1.0210176124166828,0.0009561673360425014
639.0,1.0995574287564276,0.0011315934286780668
639.0,1.1780972450961724,0.0005810103879016349
639.0,1.2566370614359172,0.0005149588732823951
639.0,1.3351768777756623,0.0006617204354539472
639.0,1.413716694115407,0.0005630771743208011
639.0,1.4922565104551517,0.0008509747671233023
639.0,1.5707963267948966,0.000589694113481968
639.0,1.6493361431346414,0.00047789722832785746
639.0,1.7278759594743864,0.0006423171695141105
639.0,1.8064157758141313,0.00033843836865111293
639.0,1.884955592153876,0.0003897240938349837
639.0,1.9634954084936207,0.0003838672039680078
639.0,2.0420352248333655,0.0004293779102107093
639.0,2.1205750411731104,0.0005123408095195624
639.0,2.199114857512855,0.0005722277671378413
639.0,2.2776546738526005,0.0006781728914033743
639.0,2.356194490192345,0.0003151804821910456
639.0,2.4347343065320897,0.0002747452358578275
639.0,2.5132741228718345,0.0004439427171501829
639.0,2.5918139392115793,0.0007477412555227201
639.0,2.6703537555513246,0.00032890519581352343
639.0,2.748893571891069,0.0003003758821636526
639.0,2.827433388230814,0.0003750389276094027
639.0,2.9059732045705586,0.000420859861812035
639.0,2.9845130209103035,0.000306075214746348
639.0,3.0630528372500487,0.00023620223174916155
639.0,3.141592653589793,0.0002897459552733214
659.0,-3.141592653589793,8.344756805952069e-05
659.0,-3.0630528372500487,0.00021186131526719281
659.0,-2.9845130209103035,0.00039918874821655515
659.0,-2.9059732045705586,0.0004344719470497608
659.0,-2.827433388230814,0.0003766448439098266
659.0,-2.748893571891069,0.0005399965752163576
659.0,-2.6703537555513246,0.0004825904307647997
659.0,-2.5918139392115793,0.0003065835255469894
659.0,-2.5132741228718345,0.00028067116893627667
659.0,-2.4347343065320897,0.0003111848419025256
659.0,-2.356194490192345,0.0002870383411726272
659.0,-2.2776546738526005,0.00021461618375488494
659.0,-2.199114857512855,0.00043510672108524804
659.0,-2.1205750411731104,0.000314712466787155
659.0,-2.0420352248333655,0.000438015295401638
659.0,-1.9634954084936207,0.0007039285429534072
659.0,-1.884955592153876,0.00048216260000092666
659.0,-1.8064157758141313,0.0004066045124418438
659.0,-1.7278759594743864,0.0006125451904050443
659.0,-1.6493361431346414,0.000475105718212117
659.0,-1.5707963267948966,0.00036068727164226337
659.0,-1.4922565104551517,0.0002677149644176309
659.0,-1.413716694115407,0.00043967168507741134
659.0,-1.3351768777756623,0.0008564312095863662
659.0,-1.2566370614359172,0.0008501835261761814
659.0,-1.1780972450961724,0.0008199499873574662
659.0,-1.0995574287564276,0.0008712615416438071
659.0,-1.0210176124166828,0.0008479449518523571
659.0,-0.942477796076938,0.000797416169991203
659.0,-0.8639379797371932,0.000782282940560014
659.0,-0.7853981633974483,0.0020550028844055607
659.0,-0.7068583470577035,0.0025435361875230434
659.0,-0.6283185307179586,0.002180630333303637
659.0,-0.5497787143782138,0.0020787337336788305
659.0,-0.471238898038469,0.002007736705990126
659.0,-0.39269908169872414,0.0008606768661028853
659.0,-0.3141592653589793,0.0014308232934562408
659.0,-0.2356194490192345,0.0027271629012284773
659.0,-0.15707963267948966,0.0020415743975015655
659.0,-0.07853981633974483,0.0009563906968197593
659.0,0.0,0.0007593782017286327
659.0,0.07853981633974483,0.0009563906968197593
659.0,0.15707963267948966,0.0020415743975015655
659.0,0.2356194490192345,0.0027271629012284773
659.0,0.3141592653589793,0.0014308232934562408
659.0,0.39269908169872414,0.0008606768661028853
659.0,0.471238898038469,0.002007736705990126
659.0,0.5497787143782138,0.0020787337336788305
659.0,0.6283185307179586,0.002180630333303637
659.0,0.7068583470577035,0.0025435361875230434
659.0,0.7853981633974483,0.0020550028844055607
659.0,0.8639379797371932,0.000782282940560014
659.0,0.942477796076938,0.000797416169991203
659.0,1.0210176124166828,0.0008479449518523571
659.0,1.0995574287564276,0.0008712615416438071
659.0,1.1780972450961724,0.0008199499873574662
659.0,1.2566370614359172,0.0008501835261761814
659.0,1.3351768777756623,0.0008564312095863662
659.0,1.413716694115407,0.00043967168507741134
659.0,1.4922565104551517,0.0002677149644176309
659.0,1.5707963267948966,0.00036068727164226337
659.0,1.6493361431346414,0.000475105718212117
659.0,1.7278759594743864,0.0006125451904050443
659.0,1.8064157758141313,0.0004066045124418438
659.0,1.884955592153876,0.00048216260000092666
659.0,1.9634954084936207,0.0007039285429534072
659.0,2.0420352248333655,0.000438015295401638
659.0,2.1205750411731104,0.000314712466787155
659.0,2.199114857512855,0.00043510672108524804
659.0,2.2776546738526005,0.00021461618375488494
659.0,2.356194490192345,0.0002870383411726272
659.0,2.4347343065320897,0.0003111848419025256
659.0,2.5132741228718345,0.00028067116893627667
659.0,2.5918139392115793,0.0003065835255469894
659.0,2.6703537555513246,0.0004825904307647997
659.0,2.748893571891069,0.0005399965752163576
659.0,2.827433388230814,0.0003766448439098266
659.0,2.9059732045705586,0.0004344719470497608
659.0,2.9845130209103035,0.00039918874821655515
659.0,3.0630528372500487,0.00021186131526719281
659.0,3.141592653589793,8.344756805952069e-05
679.0,-3.141592653589793,0.00013832078256678496
679.0,-3.0630528372500487,0.00040516579810060126
679.0,-2.9845130209103035,0.0003741733332707904
679.0,-2.9059732045705586,0.00020542149790306455
679.0,-2.827433388230814,0.0005812301403914817
679.0,-2.748893571891069,0.0005731186085422399
679.0,-2.6703537555513246,0.0003659266517938664
679.0,-2.5918139392115793,0.00034773091135429675
679.0,-2.5132741228718345,0.00029991342267094605
679.0,-2.4347343065320897,0.0002511116415163058
679.0,-2.356194490192345,0.0003437995726960462
679.0,-2.2776546738526005,0.0005135932532242262
679.0,-2.199114857512855,0.0004965925459401215
679.0,-2.1205750411731104,0.000589034402362565
679.0,-2.0420352248333655,0.0003755871899496367
679.0,-1.9634954084936207,0.00040287093487180545
679.0,-1.884955592153876,0.0005030242735454962
679.0,-1.8064157758141313,0.00044047109573424275
679.0,-1.7278759594743864,0.0005589879660516483
679.0,-1.6493361431346414,0.00042243596995514775
679.0,-1.5707963267948966,0.00047641360127223417
679.0,-1.4922565104551517,0.00036719688144872236
679.0,-1.413716694115407,0.0004027180165185666
679.0,-1.3351768777756623,0.0007401873841342141
679.0,-1.2566370614359172,0.0005027519516914079
679.0,-1.1780972450961724,0.0006906383363291576
679.0,-1.0995574287564276,0.0008944354756075444
679.0,-1.0210176124166828,0.0007902126210557027
679.0,-0.942477796076938,0.0014136268014079195
679.0,-0.8639379797371932,0.0015398262912710485
679.0,-0.7853981633974483,0.0021769884565714707
679.0,-0.7068583470577035,0.0015761128122598943
679.0,-0.6283185307179586,0.0012488689810737806
679.0,-0.5497787143782138,0.001364285169383947
679.0,-0.471238898038469,0.0015329312330073916
679.0,-0.39269908169872414,0.0023571148444699857
679.0,-0.3141592653589793,0.0034132474461167745
679.0,-0.2356194490192345,0.002568821526148904
679.0,-0.15707963267948966,0.0018917370463916604
679.0,-0.07853981633974483,0.0011939500256974728
679.0,0.0,0.0007633420035674171
679.0,0.07853981633974483,0.0011939500256974728
679.0,0.15707963267948966,0.0018917370463916604
679.0,0.2356194490192345,0.002568821526148904
679.0,0.3141592653589793,0.0034132474461167745
679.0,0.39269908169872414,0.0023571148444699857
679.0,0.471238898038469,0.0015329312330073916
679.0,0.5497787143782138,0.001364285169383947
679.0,0.6283185307179586,0.0012488689810737806
679.0,0.7068583470577035,0.0015761128122598943
679.0,0.7853981633974483,0.0021769884565714707
679.0,0.8639379797371932,0.0015398262912710485
679.0,0.942477796076938,0.0014136268014079195
679.0,1.0210176124166828,0.0007902126210557027
679.0,1.0995574287564276,0.0008944354756075444
679.0,1.1780972450961724,0.0006906383363291576
679.0,1.2566370614359172,0.0005027519516914079
679.0,1.3351768777756623,0.0007401873841342141
679.0,1.413716694115407,0.0004027180165185666
679.0,1.4922565104551517,0.00036719688144872236
679.0,1.5707963267948966,0.00047641360127223417
679.0,1.6493361431346414,0.00042243596995514775
679.0,1.7278759594743864,0.0005589879660516483
679.0,1.8064157758141313,0.00044047109573424275
679.0,1.884955592153876,0.0005030242735454962
679.0,1.9634954084936207,0.00040287093487180545
679.0,2.0420352248333655,0.0003755871899496367
679.0,2.1205750411731104,0.000589034402362565
679.0,2.199114857512855,0.0004965925459401215
679.0,2.2776546738526005,0.0005135932532242262
679.0,2.356194490192345,0.0003437995726960462
679.0,2.4347343065320897,0.0002511116415163058
679.0,2.5132741228718345,0.00029991342267094605
679.0,2.5918139392115793,0.00034773091135429675
679.0,2.6703537555513246,0.0003659266517938664
679.0,2.748893571891069,0.0005731186085422399
679.0,2.827433388230814,0.0005812301403914817
679.0,2.9059732045705586,0.00020542149790306455
679.0,2.9845130209103035,0.0003741733332707904
679.0,3.0630528372500487,0.00040516579810060126
679.0,3.141592653589793,0.00013832078256678496
699.0,-3.141592653589793,0.00010843010868162769
699.0,-3.0630528372500487,0.00019941841660329053
699.0,-2.9845130209103035,0.00029411450624755104
699.0,-2.9059732045705586,0.00035485913435827663
699.0,-2.827433388230814,0.00041592293688015136
699.0,-2.748893571891069,0.00039327371408288763
699.0,-2.6703537555513246,0.00039676190135189355
699.0,-2.5918139392115793,0.0002367396908535729
699.0,-2.5132741228718345,0.00041894994594417537
699.0,-2.4347343065320897,0.00034354217102983294
699.0,-2.356194490192345,0.0004889281696045113
699.0,-2.2776546738526005,0.0006984526657136314
699.0,-2.199114857512855,0.0004680175067272424
699.0,-2.1205750411731104,0.0004726199236832281
699.0,-2.0420352248333655,0.0006414202377720407
699.0,-1.9634954084936207,0.0005623537678543606
699.0,-1.884955592153876,0.00045399340005087
699.0,-1.8064157758141313,0.00045639147216429654
699.0,-1.7278759594743864,0.000549037522732463
699.0,-1.6493361431346414,0.000595372763619651
699.0,-1.5707963267948966,0.0003779761005047787
699.0,-1.4922565104551517,0.00047255822172710487
699.0,-1.413716694115407,0.0007046466311930788
699.0,-1.3351768777756623,0.00038342817907814956
699.0,-1.2566370614359172,0.00038920394776287113
699.0,-1.1780972450961724,0.0006233815815151404
699.0,-1.0995574287564276,0.00047693753788454103
699.0,-1.0210176124166828,0.0010366584465340144
699.0,-0.942477796076938,0.002021338830533165
699.0,-0.8639379797371932,0.0010866641559240777
699.0,-0.7853981633974483,0.0015371344530065911
699.0,-0.7068583470577035,0.001211838906776089
699.0,-0.6283185307179586,0.001555384561673311
699.0,-0.5497787143782138,0.0009188740244008599
699.0,-0.471238898038469,0.0006037410801115376
699.0,-0.39269908169872414,0.0015637631435939901
699.0,-0.3141592653589793,0.0015738586534838734
699.0,-0.2356194490192345,0.0017684058152735065
699.0,-0.15707963267948966,0.0011610898855318752
699.0,-0.07853981633974483,0.0012116436479216626
699.0,0.0,0.0005360498945008958
699.0,0.07853981633974483,0.0012116436479216626
699.0,0.15707963267948966,0.0011610898855318752
699.0,0.2356194490192345,0.0017684058152735065
699.0,0.3141592653589793,0.0015738586534838734
699.0,0.39269908169872414,0.0015637631435939901
699.0,0.471238898038469,0.0006037410801115376
699.0,0.5497787143782138,0.0009188740244008599
699.0,0.6283185307179586,0.001555384561673311
699.0,0.7068583470577035,0.001211838906776089
699.0,0.7853981633974483,0.0015371344530065911
699.0,0.8639379797371932,0.0010866641559240777
699.0,0.942477796076938,0.002021338830533165
699.0,1.0210176124166828,0.0010366584465340144
699.0,1.0995574287564276,0.00047693753788454103
699.0,1.1780972450961724,0.0006233815815151404
699.0,1.2566370614359172,0.00038920394776287113
699.0,1.3351768777756623,0.00038342817907814956
699.0,1.413716694115407,0.0007046466311930788
699.0,1.4922565104551517,0.00047255822172710487
699.0,1.5707963267948966,0.0003779761005047787
699.0,1.6493361431346414,0.000595372763619651
699.0,1.7278759594743864,0.000549037522732463
699.0,1.8064157758141313,0.00045639147216429654
699.0,1.884955592153876,0.00045399340005087
699.0,1.9634954084936207,0.0005623537678543606
699.0,2.0420352248333655,0.0006414202377720407
699.0,2.1205750411731104,0.0004726199236832281
699.0,2.199114857512855,0.0004680175067272424
699.0,2.2776546738526005,0.0006984526657136314
699.0,2.356194490192345,0.0004889281696045113
699.0,2.4347343065320897,0.00034354217102983294
699.0,2.5132741228718345,0.00041894994594417537
699.0,2.5918139392115793,0.0002367396908535729
699.0,2.6703537555513246,0.00039676190135189355
699.0,2.748893571891069,0.00039327371408288763
699.0,2.827433388230814,0.00041592293688015136
699.0,2.9059732045705586,0.00035485913435827663
699.0,2.9845130209103035,0.00029411450624755104
699.0,3.0630528372500487,0.00019941841660329053
699.0,3.141592653589793,0.00010843010868162769
719.0,-3.141592653589793,0.0003995491420019718
719.0,-3.0630528372500487,0.00046933443007827406
719.0,-2.9845130209103035,0.00036040899278050645
719.0,-2.9059732045705586,0.00028402385871545833
719.0,-2.827433388230814,0.0004165352489257148
719.0,-2.748893571891069,0.0004750011938217478
719.0,-2.6703537555513246,0.0005981267945340637
719.0,-2.5918139392115793,0.0005826913843086645
719.0,-2.5132741228718345,0.0002975797078255396
719.0,-2.4347343065320897,0.00034430664033359133
719.0,-2.356194490192345,0.0006818339775059122
719.0,-2.2776546738526005,0.0006330888545090135
719.0,-2.199114857512855,0.0006542538529385877
719.0,-2.1205750411731104,0.0006004061340150955
719.0,-2.0420352248333655,0.0002463936137881858
719.0,-1.9634954084936207,0.00046527346653188847
719.0,-1.884955592153876,0.0004293742022456817
719.0,-1.8064157758141313,0.0003456133432943446
719.0,-1.7278759594743864,0.00024770052962906565
719.0,-1.6493361431346414,0.00033471145399528566
719.0,-1.5707963267948966,0.000417358827978613
719.0,-1.4922565104551517,0.0008933023654255017
719.0,-1.413716694115407,0.0009548016970244309
719.0,-1.3351768777756623,0.0007251432198552526
719.0,-1.2566370614359172,0.0007820364648812067
719.0,-1.1780972450961724,0.0005148764247499787
719.0,-1.0995574287564276,0.000587349095717479
719.0,-1.0210176124166828,0.0011530918930687973
719.0,-0.942477796076938,0.001336078905536605
719.0,-0.8639379797371932,0.0017107903722948525
719.0,-0.7853981633974483,0.0010728894905074901
719.0,-0.7068583470577035,0.0007821606614898492
719.0,-0.6283185307179586,0.0010523403544857775
719.0,-0.5497787143782138,0.0012243357844985592
719.0,-0.471238898038469,0.0018632006602107853
719.0,-0.39269908169872414,0.0018031828259157583
719.0,-0.3141592653589793,0.0012073426413637307
719.0,-0.2356194490192345,0.0007903713249598178
719.0,-0.15707963267948966,0.0007996398148777266
719.0,-0.07853981633974483,0.0008649958271438111
719.0,0.0,0.0005141752117073803
719.0,0.07853981633974483,0.0008649958271438111
719.0,0.15707963267948966,0.0007996398148777266
719.0,0.2356194490192345,0.0007903713249598178
719.0,0.3141592653589793,0.0012073426413637307
719.0,0.39269908169872414,0.0018031828259157583
719.0,0.471238898038469,0.0018632006602107853
719.0,0.5497787143782138,0.0012243357844985592
719.0,0.6283185307179586,0.0010523403544857775
719.0,0.7068583470577035,0.0007821606614898492
719.0,0.7853981633974483,0.0010728894905074901
719.0,0.8639379797371932,0.0017107903722948525
719.0,0.942477796076938,0.001336078905536605
719.0,1.0210176124166828,0.0011530918930687973
719.0,1.0995574287564276,0.000587349095717479
719.0,1.1780972450961724,0.0005148764247499787
719.0,1.2566370614359172,0.0007820364648812067
719.0,1.3351768777756623,0.0007251432198552526
719.0,1.413716694115407,0.0009548016970244309
719.0,1.4922565104551517,0.0008933023654255017
719.0,1.5707963267948966,0.000417358827978613
719.0,1.6493361431346414,0.00033471145399528566
719.0,1.7278759594743864,0.00024770052962906565
719.0,1.8064157758141313,0.0003456133432943446
719.0,1.884955592153876,0.0004293742022456817
719.0,1.9634954084936207,0.00046527346653188847
719.0,2.0420352248333655,0.0002463936137881858
719.0,2.1205750411731104,0.0006004061340150955
719.0,2.199114857512855,0.0006542538529385877
719.0,2.2776546738526005,0.0006330888545090135
719.0,2.356194490192345,0.0006818339775059122
719.0,2.4347343065320897,0.00034430664033359133
719.0,2.5132741228718345,0.0002975797078255396
719.0,2.5918139392115793,0.0005826913843086645
719.0,2.6703537555513246,0.0005981267945340637
719.0,2.748893571891069,0.0004750011938217478
719.0,2.827433388230814,0.0004165352489257148
719.0,2.9059732045705586,0.00028402385871545833
719.0,2.9845130209103035,0.00036040899278050645
719.0,3.0630528372500487,0.00046933443007827406
719.0,3.141592653589793,0.0003995491420019718
739.0,-3.141592653589793,0.00023882360004248482
739.0,-3.0630528372500487,0.0002147895128590874
739.0,-2.9845130209103035,0.0003703480894521243
739.0,-2.9059732045705586,0.00044342482742040345
739.0,-2.827433388230814,0.00042399424142407736
739.0,-2.748893571891069,0.0003890773052403229
739.0,-2.6703537555513246,0.0005056372775741468
739.0,-2.5918139392115793,0.0005024522710924735
739.0,-2.5132741228718345,0.0002748133902247818
739.0,-2.4347343065320897,0.0004266056206798075
739.0,-2.356194490192345,0.0005308808491595483
739.0,-2.2776546738526005,0.00041067345173412327
739.0,-2.199114857512855,0.00022296323320106814
739.0,-2.1205750411731104,0.00019980640373261263
739.0,-2.0420352248333655,0.00029032798775246207
739.0,-1.9634954084936207,0.0004052109095610834
739.0,-1.884955592153876,0.00036925884794188594
739.0,-1.8064157758141313,0.0002905666829764444
739.0,-1.7278759594743864,0.0006860543259874209
739.0,-1.6493361431346414,0.0008535339185435588
739.0,-1.5707963267948966,0.0007098709561311964
739.0,-1.4922565104551517,0.00040740789010535925
739.0,-1.413716694115407,0.0005477924194219634
739.0,-1.3351768777756623,0.0006873128721594537
739.0,-1.2566370614359172,0.0005311922877696646
739.0,-1.1780972450961724,0.000566532344117815
739.0,-1.0995574287564276,0.0002865889943338112
739.0,-1.0210176124166828,0.0004510133408118448
739.0,-0.942477796076938,0.0006645447114290484
739.0,-0.8639379797371932,0.0009098225382283885
739.0,-0.7853981633974483,0.0009091291951071827
739.0,-0.7068583470577035,0.001344281723761282
739.0,-0.6283185307179586,0.00139409352572318
739.0,-0.5497787143782138,0.0010033271402237977
739.0,-0.471238898038469,0.0021849776028093383
739.0,-0.39269908169872414,0.0017197667747789567
739.0,-0.3141592653589793,0.0006721998550872322
739.0,-0.2356194490192345,0.0008973545353107779
739.0,-0.15707963267948966,0.001643022249121773
739.0,-0.07853981633974483,0.0016533559665401364
739.0,0.0,0.0007102504625959374
739.0,0.07853981633974483,0.0016533559665401364
739.0,0.15707963267948966,0.001643022249121773
739.0,0.2356194490192345,0.0008973545353107779
739.0,0.3141592653589793,0.0006721998550872322
739.0,0.39269908169872414,0.0017197667747789567
739.0,0.471238898038469,0.0021849776028093383
739.0,0.5497787143782138,0.0010033271402237977
739.0,0.6283185307179586,0.00139409352572318
739.0,0.7068583470577035,0.001344281723761282
739.0,0.7853981633974483,0.0009091291951071827
739.0,0.8639379797371932,0.0009098225382283885
739.0,0.942477796076938,0.0006645447114290484
739.0,1.0210176124166828,0.0004510133408118448
739.0,1.0995574287564276,0.0002865889943338112
739.0,1.1780972450961724,0.000566532344117815
739.0,1.2566370614359172,0.0005311922877696646
739.0,1.3351768777756623,0.0006873128721594537
739.0,1.413716694115407,0.0005477924194219634
739.0,1.4922565104551517,0.00040740789010535925
739.0,1.5707963267948966,0.0007098709561311964
739.0,1.6493361431346414,0.0008535339185435588
739.0,1.7278759594743864,0.0006860543259874209
739.0,1.8064157758141313,0.0002905666829764444
739.0,1.884955592153876,0.00036925884794188594
739.0,1.9634954084936207,0.0004052109095610834
739.0,2.0420352248333655,0.00029032798775246207
739.0,2.1205750411731104,0.00019980640373261263
739.0,2.199114857512855,0.00022296323320106814
739.0,2.2776546738526005,0.00041067345173412327
739.0,2.356194490192345,0.0005308808491595483
739.0,2.4347343065320897,0.0004266056206798075
739.0,2.5132741228718345,0.0002748133902247818
739.0,2.5918139392115793,0.0005024522710924735
739.0,2.6703537555513246,0.0005056372775741468
739.0,2.748893571891069,0.0003890773052403229
739.0,2.827433388230814,0.00042399424142407736
739.0,2.9059732045705586,0.00044342482742040345
739.0,2.9845130209103035,0.0003703480894521243
739.0,3.0630528372500487,0.0002147895128590874
739.0,3.141592653589793,0.00023882360004248482
759.0,-3.141592653589793,0.00024051376440522708
759.0,-3.0630528372500487,0.00019584971677618032
759.0,-2.9845130209103035,0.0002480662930593827
759.0,-2.9059732045705586,0.00039971477442988607
759.0,-2.827433388230814,0.00015660417098863763
759.0,-2.748893571891069,0.00035150101547545175
759.0,-2.6703537555513246,0.00042108117463678676
759.0,-2.5918139392115793,0.0006530791322281628
759.0,-2.5132741228718345,0.00045339818255670433
759.0,-2.4347343065320897,0.000223999633446167
759.0,-2.356194490192345,0.00020867139459011992
759.0,-2.2776546738526005,0.00026248502601594186
759.0,-2.199114857512855,0.0003063807692988102
759.0,-2.1205750411731104,0.000242365988729843
759.0,-2.0420352248333655,0.0003147266084972804
759.0,-1.9634954084936207,0.00028837360365617314
759.0,-1.884955592153876,0.00021043162771410595
759.0,-1.8064157758141313,0.0004687318585484296
759.0,-1.7278759594743864,0.0007393989941148992
759.0,-1.6493361431346414,0.0004916194751343285
759.0,-1.5707963267948966,0.0007013039227668651
759.0,-1.4922565104551517,0.0006938054543249338
759.0,-1.413716694115407,0.0008362118890710432
759.0,-1.3351768777756623,0.001065415763055859
759.0,-1.2566370614359172,0.0007559262603308284
759.0,-1.1780972450961724,0.000443510148382102
759.0,-1.0995574287564276,0.0008234244999345904
759.0,-1.0210176124166828,0.0020568800081626733
759.0,-0.942477796076938,0.0015581790537379525
759.0,-0.8639379797371932,0.0006084073492115546
759.0,-0.7853981633974483,0.0007396334777964562
759.0,-0.7068583470577035,0.0010870900725180714
759.0,-0.6283185307179586,0.0016421676200520862
759.0,-0.5497787143782138,0.00146795450887481
759.0,-0.471238898038469,0.0013127637466324958
759.0,-0.39269908169872414,0.0008154829140267168
759.0,-0.3141592653589793,0.0025083786098547313
759.0,-0.2356194490192345,0.002593781505921951
759.0,-0.15707963267948966,0.0016544103602709147
759.0,-0.07853981633974483,0.0010337356527404657
759.0,0.0,0.00046791086799241464
759.0,0.07853981633974483,0.0010337356527404657
759.0,0.15707963267948966,0.0016544103602709147
759.0,0.2356194490192345,0.002593781505921951
759.0,0.3141592653589793,0.0025083786098547313
759.0,0.39269908169872414,0.0008154829140267168
759.0,0.471238898038469,0.0013127637466324958
759.0,0.5497787143782138,0.00146795450887481
759.0,0.6283185307179586,0.0016421676200520862
759.0,0.7068583470577035,0.0010870900725180714
759.0,0.7853981633974483,0.0007396334777964562
759.0,0.8639379797371932,0.0006084073492115546
759.0,0.942477796076938,0.0015581790537379525
759.0,1.0210176124166828,0.0020568800081626733
759.0,1.0995574287564276,0.0008234244999345904
759.0,1.1780972450961724,0.000443510148382102
759.0,1.2566370614359172,0.0007559262603308284
759.0,1.3351768777756623,0.001065415763055859
759.0,1.413716694115407,0.0008362118890710432
759.0,1.4922565104551517,0.0006938054543249338
759.0,1.5707963267948966,0.0007013039227668651
759.0,1.6493361431346414,0.0004916194751343285
759.0,1.7278759594743864,0.0007393989941148992
759.0,1.8064157758141313,0.0004687318585484296
759.0,1.884955592153876,0.00021043162771410595
759.0,1.9634954084936207,0.00028837360365617314
759.0,2.0420352248333655,0.0003147266084972804
759.0,2.1205750411731104,0.000242365988729843
759.0,2.199114857512855,0.0003063807692988102
759.0,2.2776546738526005,0.00026248502601594186
759.0,2.356194490192345,0.00020867139459011992
759.0,2.4347343065320897,0.000223999633446167
759.0,2.5132741228718345,0.00045339818255670433
759.0,2.5918139392115793,0.0006530791322281628
759.0,2.6703537555513246,0.00042108117463678676
759.0,2.748893571891069,0.00035150101547545175
759.0,2.827433388230814,0.00015660417098863763
759.0,2.9059732045705586,0.00039971477442988607
759.0,2.9845130209103035,0.0002480662930593827
759.0,3.0630528372500487,0.00019584971677618032
759.0,3.141592653589793,0.00024051376440522708
779.0,-3.141592653589793,0.00017619972758425807
779.0,-3.0630528372500487,0.0002036841579531688
779.0,-2.9845130209103035,0.00024216034713693774
779.0,-2.9059732045705586,0.0003123722557257129
779.0,-2.827433388230814,0.00022301917714822277
779.0,-2.748893571891069,0.00021058191471349933
779.0,-2.6703537555513246,0.0003098311160767078
779.0,-2.5918139392115793,0.0004874134614682235
779.0,-2.5132741228718345,0.0003871471568173483
779.0,-2.4347343065320897,0.0003788212466994448
779.0,-2.356194490192345,0.00037776232363020035
779.0,-2.2776546738526005,0.0004271004438314786
779.0,-2.199114857512855,0.00012612865333401838
779.0,-2.1205750411731104,0.00012465696974294703
779.0,-2.0420352248333655,0.00024934928060122205
779.0,-1.9634954084936207,0.0003714816245934286
779.0,-1.884955592153876,0.00040215369328069813
779.0,-1.8064157758141313,0.00047903703148696655
779.0,-1.7278759594743864,0.0004909834374290184
779.0,-1.6493361431346414,0.00046327488277814037
779.0,-1.5707963267948966,0.00033842032500487943
779.0,-1.4922565104551517,0.0002668497698400388
779.0,-1.413716694115407,0.00033248436619781916
779.0,-1.3351768777756623,0.000602125537448987
779.0,-1.2566370614359172,0.00046954964094862554
779.0,-1.1780972450961724,0.0003736198205363465
779.0,-1.0995574287564276,0.0007729606626709763
779.0,-1.0210176124166828,0.0005425307037133151
779.0,-0.942477796076938,0.0006200332513189817
779.0,-0.8639379797371932,0.0009535853406069337
779.0,-0.7853981633974483,0.0013552841590459457
779.0,-0.7068583470577035,0.0011808074233729893
779.0,-0.6283185307179586,0.001099860168157116
779.0,-0.5497787143782138,0.0010022122699464733
779.0,-0.471238898038469,0.0013163458266920714
779.0,-0.39269908169872414,0.0007307425317665396
779.0,-0.3141592653589793,0.0010817688748937574
779.0,-0.2356194490192345,0.0015802995979070737
779.0,-0.15707963267948966,0.0015210135800861274
779.0,-0.07853981633974483,0.0012557899989822817
779.0,0.0,0.0006432728532314076
779.0,0.07853981633974483,0.0012557899989822817
779.0,0.15707963267948966,0.0015210135800861274
779.0,0.2356194490192345,0.0015802995979070737
779.0,0.3141592653589793,0.0010817688748937574
779.0,0.39269908169872414,0.0007307425317665396
779.0,0.471238898038469,0.0013163458266920714
779.0,0.5497787143782138,0.0010022122699464733
779.0,0.6283185307179586,0.001099860168157116
779.0,0.7068583470577035,0.0011808074233729893
779.0,0.7853981633974483,0.0013552841590459457
779.0,0.8639379797371932,0.0009535853406069337
779.0,0.942477796076938,0.0006200332513189817
779.0,1.0210176124166828,0.0005425307037133151
779.0,1.0995574287564276,0.0007729606626709763
779.0,1.1780972450961724,0.0003736198205363465
779.0,1.2566370614359172,0.00046954964094862554
779.0,1.3351768777756623,0.000602125537448987
779.0,1.413716694115407,0.00033248436619781916
779.0,1.4922565104551517,0.0002668497698400388
779.0,1.5707963267948966,0.00033842032500487943
779.0,1.6493361431346414,0.00046327488277814037
779.0,1.7278759594743864,0.0004909834374290184
779.0,1.8064157758141313,0.00047903703148696655
779.0,1.884955592153876,0.00040215369328069813
779.0,1.9634954084936207,0.0003714816245934286
779.0,2.0420352248333655,0.00024934928060122205
779.0,2.1205750411731104,0.00012465696974294703
779.0,2.199114857512855,0.00012612865333401838
779.0,2.2776546738526005,0.0004271004438314786
779.0,2.356194490192345,0.00037776232363020035
779.0,2.4347343065320897,0.0003788212466994448
779.0,2.5132741228718345,0.0003871471568173483
779.0,2.5918139392115793,0.0004874134614682235
779.0,2.6703537555513246,0.0003098311160767078
779.0,2.748893571891069,0.00021058191471349933
779.0,2.827433388230814,0.00022301917714822277
779.0,2.9059732045705586,0.0003123722557257129
779.0,2.9845130209103035,0.00024216034713693774
779.0,3.0630528372500487,0.0002036841579531688
779.0,3.141592653589793,0.00017619972758425807
799.0,-3.141592653589793,0.0001391243186225212
799.0,-3.0630528372500487,0.00018017466575583966
799.0,-2.9845130209103035,0.00034604791323160345
799.0,-2.9059732045705586,0.00026439304576268555
799.0,-2.827433388230814,0.00011347758266952332
799.0,-2.748893571891069,0.0004557199423380277
799.0,-2.6703537555513246,0.0004980439229497012
799.0,-2.5918139392115793,0.0002679326153892502
799.0,-2.5132741228718345,0.00042544542143940675
799.0,-2.4347343065320897,0.0004219773500081721
799.0,-2.356194490192345,0.00032773911685467683
799.0,-2.2776546738526005,0.0004532287014064626
799.0,-2.199114857512855,0.0006835663264279073
799.0,-2.1205750411731104,0.0003937688175587174
799.0,-2.0420352248333655,0.0003561835197518023
799.0,-1.9634954084936207,0.0003602871719288649
799.0,-1.884955592153876,0.00015348782691695863
799.0,-1.8064157758141313,0.00047146452887187256
799.0,-1.7278759594743864,0.0004455735807552037
799.0,-1.6493361431346414,0.0004842514009805491
799.0,-1.5707963267948966,0.0006612591552916081
799.0,-1.4922565104551517,0.0006035025941780745
799.0,-1.413716694115407,0.0004200969443955262
799.0,-1.3351768777756623,0.00038032124422850676
799.0,-1.2566370614359172,0.0003863995697691471
799.0,-1.1780972450961724,0.0004329518480021308
799.0,-1.0995574287564276,0.0005458492578160705
799.0,-1.0210176124166828,0.0008321848406797718
799.0,-0.942477796076938,0.000861049590178384
799.0,-0.8639379797371932,0.000984935017703419
799.0,-0.7853981633974483,0.001188559048792343
799.0,-0.7068583470577035,0.0007147032027962765
799.0,-0.6283185307179586,0.0013995389271211263
799.0,-0.5497787143782138,0.0023453800918752793
799.0,-0.471238898038469,0.0018020163385148748
799.0,-0.39269908169872414,0.0012473107104305136
799.0,-0.3141592653589793,0.0007318671480276169
799.0,-0.2356194490192345,0.0015721948769621633
799.0,-0.15707963267948966,0.0031699951267873823
799.0,-0.07853981633974483,0.003214494249346685
799.0,0.0,0.0017529806520895214
799.0,0.07853981633974483,0.003214494249346685
799.0,0.15707963267948966,0.0031699951267873823
799.0,0.2356194490192345,0.0015721948769621633
799.0,0.3141592653589793,0.0007318671480276169
799.0,0.39269908169872414,0.0012473107104305136
799.0,0.471238898038469,0.0018020163385148748
799.0,0.5497787143782138,0.0023453800918752793
799.0,0.6283185307179586,0.0013995389271211263
799.0,0.7068583470577035,0.0007147032027962765
799.0,0.7853981633974483,0.001188559048792343
799.0,0.8639379797371932,0.000984935017703419
799.0,0.942477796076938,0.000861049590178384
799.0,1.0210176124166828,0.0008321848406797718
799.0,1.0995574287564276,0.0005458492578160705
799.0,1.1780972450961724,0.0004329518480021308
799.0,1.2566370614359172,0.0003863995697691471
799.0,1.3351768777756623,0.00038032124422850676
799.0,1.413716694115407,0.0004200969443955262
799.0,1.4922565104551517,0.0006035025941780745
799.0,1.5707963267948966,0.0006612591552916081
799.0,1.6493361431346414,0.0004842514009805491
799.0,1.7278759594743864,0.0004455735807552037
799.0,1.8064157758141313,0.00047146452887187256
799.0,1.884955592153876,0.00015348782691695863
799.0,1.9634954084936207,0.0003602871719288649
799.0,2.0420352248333655,0.0003561835197518023
799.0,2.1205750411731104,0.0003937688175587174
799.0,2.199114857512855,0.0006835663264279073
799.0,2.2776546738526005,0.0004532287014064626
799.0,2.356194490192345,0.00032773911685467683
799.0,2.4347343065320897,0.0004219773500081721
799.0,2.5132741228718345,0.00042544542143940675
799.0,2.5918139392115793,0.0002679326153892502
799.0,2.6703537555513246,0.0004980439229497012
799.0,2.748893571891069,0.0004557199423380277
799.0,2.827433388230814,0.00011347758266952332
799.0,2.9059732045705586,0.00026439304576268555
799.0,2.9845130209103035,0.00034604791323160345
799.0,3.0630528372500487,0.00018017466575583966
799.0,3.141592653589793,0.0001391243186225212
819.0,-3.141592653589793,0.0002398548386807721
819.0,-3.0630528372500487,0.00015343947254982054
819.0,-2.9845130209103035,0.00024837270193802004
819.0,-2.9059732045705586,0.00029647876123495254
819.0,-2.827433388230814,0.00021480551386697207
819.0,-2.748893571891069,0.0001714579758576588
819.0,-2.6703537555513246,0.00028588103033542355
819.0,-2.5918139392115793,0.0003014312002333456
819.0,-2.5132741228718345,0.00034395407335463036
819.0,-2.4347343065320897,0.00034983884623033526
819.0,-2.356194490192345,0.0005526135209289438
819.0,-2.2776546738526005,0.000532116622339747
819.0,-2.199114857512855,0.00043136105269244644
819.0,-2.1205750411731104,0.0002751497132729146
819.0,-2.0420352248333655,0.00025136389998854105
819.0,-1.9634954084936207,0.0005061194052654887
819.0,-1.884955592153876,0.0004010098703400242
819.0,-1.8064157758141313,0.0004985925900869125
819.0,-1.7278759594743864,0.0005689577621725882
819.0,-1.6493361431346414,0.0006839214717533262
819.0,-1.5707963267948966,0.0006018724011231775
819.0,-1.4922565104551517,0.0003668106952840791
819.0,-1.413716694115407,0.0004423452309282774
819.0,-1.3351768777756623,0.00041177172377803085
819.0,-1.2566370614359172,0.0006703055752971815
819.0,-1.1780972450961724,0.000864091288821079
819.0,-1.0995574287564276,0.0006282800450135513
819.0,-1.0210176124166828,0.00048488964851121176
819.0,-0.942477796076938,0.0008851081289960311
819.0,-0.8639379797371932,0.001415339939442099
819.0,-0.7853981633974483,0.0013290315015650762
819.0,-0.7068583470577035,0.0006909771477574658
819.0,-0.6283185307179586,0.0008190355613813114
819.0,-0.5497787143782138,0.001793709222600801
819.0,-0.471238898038469,0.001889648298381577
819.0,-0.39269908169872414,0.0018233583255965757
819.0,-0.3141592653589793,0.001763563630502736
819.0,-0.2356194490192345,0.001733442577145795
819.0,-0.15707963267948966,0.002186804436932254
819.0,-0.07853981633974483,0.000919000862290817
819.0,0.0,0.00011433203124454267
819.0,0.07853981633974483,0.000919000862290817
819.0,0.15707963267948966,0.002186804436932254
819.0,0.2356194490192345,0.001733442577145795
819.0,0.3141592653589793,0.001763563630502736
819.0,0.39269908169872414,0.0018233583255965757
819.0,0.471238898038469,0.001889648298381577
819.0,0.5497787143782138,0.001793709222600801
819.0,0.6283185307179586,0.0008190355613813114
819.0,0.7068583470577035,0.0006909771477574658
819.0,0.7853981633974483,0.0013290315015650762
819.0,0.8639379797371932,0.001415339939442099
819.0,0.942477796076938,0.0008851081289960311
819.0,1.0210176124166828,0.00048488964851121176
819.0,1.0995574287564276,0.0006282800450135513
819.0,1.1780972450961724,0.000864091288821079
819.0,1.2566370614359172,0.0006703055752971815
819.0,1.3351768777756623,0.00041177172377803085
819.0,1.413716694115407,0.0004423452309282774
819.0,1.4922565104551517,0.0003668106952840791
819.0,1.5707963267948966,0.0006018724011231775
819.0,1.6493361431346414,0.0006839214717533262
819.0,1.7278759594743864,0.0005689577621725882
819.0,1.8064157758141313,0.0004985925900869125
819.0,1.884955592153876,0.0004010098703400242
819.0,1.9634954084936207,0.0005061194052654887
819.0,2.0420352248333655,0.00025136389998854105
819.0,2.1205750411731104,0.0002751497132729146
819.0,2.199114857512855,0.00043136105269244644
819.0,2.2776546738526005,0.000532116622339747
819.0,2.356194490192345,0.0005526135209289438
819.0,2.4347343065320897,0.00034983884623033526
819.0,2.5132741228718345,0.00034395407335463036
819.0,2.5918139392115793,0.0003014312002333456
819.0,2.6703537555513246,0.00028588103033542355
819.0,2.748893571891069,0.0001714579758576588
819.0,2.827433388230814,0.00021480551386697207
819.0,2.9059732045705586,0.00029647876123495254
819.0,2.9845130209103035,0.00024837270193802004
819.0,3.0630528372500487,0.00015343947254982054
819.0,3.141592653589793,0.0002398548386807721
839.0,-3.141592653589793,6.537355841486585e-05
839.0,-3.0630528372500487,0.0001612090931849652
839.0,-2.9845130209103035,0.00036181784479021435
839.0,-2.9059732045705586,0.0003688740325654964
839.0,-2.827433388230814,0.0005438187547636233
839.0,-2.748893571891069,0.00046538046576736813
839.0,-2.6703537555513246,0.000394558720328178
839.0,-2.5918139392115793,0.0003362307548471194
839.0,-2.5132741228718345,0.0003118882893774447
839.0,-2.4347343065320897,0.0001252962356989138
839.0,-2.356194490192345,0.00031771908531730736
839.0,-2.2776546738526005,0.0003098661323864865
839.0,-2.199114857512855,0.0003958451982812428
839.0,-2.1205750411731104,0.00029610972168522164
839.0,-2.0420352248333655,0.00016150247074930827
839.0,-1.9634954084936207,0.00017019834286159644
839.0,-1.884955592153876,0.00025287990459426615
839.0,-1.8064157758141313,0.00019983854053014243
839.0,-1.7278759594743864,0.00046340088454567785
839.0,-1.6493361431346414,0.0005568769041694785
839.0,-1.5707963267948966,0.0005688432685113552
839.0,-1.4922565104551517,0.0007363692344086272
839.0,-1.413716694115407,0.0006441695840015465
839.0,-1.3351768777756623,0.0007222237601998743
839.0,-1.2566370614359172,0.0002917783575214036
839.0,-1.1780972450961724,0.0003101292944044515
839.0,-1.0995574287564276,0.0006922704777749306
839.0,-1.0210176124166828,0.00046676513323594827
839.0,-0.942477796076938,0.0010416492234894001
839.0,-0.8639379797371932,0.0003557119543778049
839.0,-0.7853981633974483,0.0013457270208442377
839.0,-0.7068583470577035,0.0010590765504932384
839.0,-0.6283185307179586,0.0012513594696874038
839.0,-0.5497787143782138,0.002106204166336374
839.0,-0.471238898038469,0.0018015646722117774
839.0,-0.39269908169872414,0.001199546026767793
839.0,-0.3141592653589793,0.0008901970128293755
839.0,-0.2356194490192345,0.0019315011492238164
839.0,-0.15707963267948966,0.0008115177652289617
839.0,-0.07853981633974483,0.0014935325862856774
839.0,0.0,0.0007411425447251115
839.0,0.07853981633974483,0.0014935325862856774
839.0,0.15707963267948966,0.0008115177652289617
839.0,0.2356194490192345,0.0019315011492238164
839.0,0.3141592653589793,0.0008901970128293755
839.0,0.39269908169872414,0.001199546026767793
839.0,0.471238898038469,0.0018015646722117774
839.0,0.5497787143782138,0.002106204166336374
839.0,0.6283185307179586,0.0012513594696874038
839.0,0.7068583470577035,0.0010590765504932384
839.0,0.7853981633974483,0.0013457270208442377
839.0,0.8639379797371932,0.0003557119543778049
839.0,0.942477796076938,0.0010416492234894001
839.0,1.0210176124166828,0.00046676513323594827
839.0,1.0995574287564276,0.0006922704777749306
839.0,1.1780972450961724,0.0003101292944044515
839.0,1.2566370614359172,0.0002917783575214036
839.0,1.3351768777756623,0.0007222237601998743
839.0,1.413716694115407,0.0006441695840015465
839.0,1.4922565104551517,0.0007363692344086272
839.0,1.5707963267948966,0.0005688432685113552
839.0,1.6493361431346414,0.0005568769041694785
839.0,1.7278759594743864,0.00046340088454567785
839.0,1.8064157758141313,0.00019983854053014243
839.0,1.884955592153876,0.00025287990459426615
839.0,1.9634954084936207,0.00017019834286159644
839.0,2.0420352248333655,0.00016150247074930827
839.0,2.1205750411731104,0.00029610972168522164
839.0,2.199114857512855,0.0003958451982812428
839.0,2.2776546738526005,0.0003098661323864865
839.0,2.356194490192345,0.00031771908531730736
839.0,2.4347343065320897,0.0001252962356989138
839.0,2.5132741228718345,0.0003118882893774447
839.0,2.5918139392115793,0.0003362307548471194
839.0,2.6703537555513246,0.000394558720328178
839.0,2.748893571891069,0.00046538046576736813
839.0,2.827433388230814,0.0005438187547636233
839.0,2.9059732045705586,0.0003688740325654964
839.0,2.9845130209103035,0.00036181784479021435
839.0,3.0630528372500487,0.0001612090931849652
839.0,3.141592653589793,6.537355841486585e-05
859.0,-3.141592653589793,0.00016038568812410983
859.0,-3.0630528372500487,0.00010902775365048776
859.0,-2.9845130209103035,0.0002425120004819532
859.0,-2.9059732045705586,0.00028524354774829585
859.0,-2.827433388230814,0.00030404579572867985
859.0,-2.748893571891069,0.0001689464322678758
859.0,-2.6703537555513246,0.00012294468768282995
859.0,-2.5918139392115793,0.00023745109467310815
859.0,-2.5132741228718345,0.00013141789581251465
859.0,-2.4347343065320897,0.0001128424255094486
859.0,-2.356194490192345,0.00022607579727367577
859.0,-2.2776546738526005,0.0003802021847391779
859.0,-2.199114857512855,0.0004663360644340704
859.0,-2.1205750411731104,0.000380328426289674
859.0,-2.0420352248333655,0.0003534222267624124
859.0,-1.9634954084936207,0.00040051841185734244
859.0,-1.884955592153876,0.00034169400234079577
859.0,-1.8064157758141313,0.0002638188049089518
859.0,-1.7278759594743864,0.0002707949143903479
859.0,-1.6493361431346414,0.0005642764606511069
859.0,-1.5707963267948966,0.0006767000427067888
859.0,-1.4922565104551517,0.0005887339735771363
859.0,-1.413716694115407,0.0004725192594984336
859.0,-1.3351768777756623,0.0002571710598571496
859.0,-1.2566370614359172,0.00020148896546670628
859.0,-1.1780972450961724,0.00028014850129946567
859.0,-1.0995574287564276,0.0005655263826768335
859.0,-1.0210176124166828,0.0007812488921146477
859.0,-0.942477796076938,0.0005513172775459106
859.0,-0.8639379797371932,0.000905136413760809
859.0,-0.7853981633974483,0.0012333595311730286
859.0,-0.7068583470577035,0.0015325122454271515
859.0,-0.6283185307179586,0.001415031612046085
859.0,-0.5497787143782138,0.0008999214434041295
859.0,-0.471238898038469,0.0015883845957239684
859.0,-0.39269908169872414,0.002620705985630325
859.0,-0.3141592653589793,0.0024941565488250587
859.0,-0.2356194490192345,0.0025676859257203143
859.0,-0.15707963267948966,0.0027999316960872853
859.0,-0.07853981633974483,0.002336642702467157
859.0,0.0,0.00026987169668748773
859.0,0.07853981633974483,0.002336642702467157
859.0,0.15707963267948966,0.0027999316960872853
859.0,0.2356194490192345,0.0025676859257203143
859.0,0.3141592653589793,0.0024941565488250587
859.0,0.39269908169872414,0.002620705985630325
859.0,0.471238898038469,0.0015883845957239684
859.0,0.5497787143782138,0.0008999214434041295
859.0,0.6283185307179586,0.001415031612046085
859.0,0.7068583470577035,0.0015325122454271515
859.0,0.7853981633974483,0.0012333595311730286
859.0,0.8639379797371932,0.000905136413760809
859.0,0.942477796076938,0.0005513172775459106
859.0,1.0210176124166828,0.0007812488921146477
859.0,1.0995574287564276,0.0005655263826768335
859.0,1.1780972450961724,0.00028014850129946567
859.0,1.2566370614359172,0.00020148896546670628
859.0,1.3351768777756623,0.0002571710598571496
859.0,1.413716694115407,0.0004725192594984336
859.0,1.4922565104551517,0.0005887339735771363
859.0,1.5707963267948966,0.0006767000427067888
859.0,1.6493361431346414,0.0005642764606511069
859.0,1.7278759594743864,0.0002707949143903479
859.0,1.8064157758141313,0.0002638188049089518
859.0,1.884955592153876,0.00034169400234079577
859.0,1.9634954084936207,0.00040051841185734244
859.0,2.0420352248333655,0.0003534222267624124
859.0,2.1205750411731104,0.000380328426289674
859.0,2.199114857512855,0.0004663360644340704
859.0,2.2776546738526005,0.0003802021847391779
859.0,2.356194490192345,0.00022607579727367577
859.0,2.4347343065320897,0.0001128424255094486
859.0,2.5132741228718345,0.00013141789581251465
859.0,2.5918139392115793,0.00023745109467310815
859.0,2.6703537555513246,0.00012294468768282995
859.0,2.748893571891069,0.0001689464322678758
859.0,2.827433388230814,0.00030404579572867985
859.0,2.9059732045705586,0.00028524354774829585
859.0,2.9845130209103035,0.0002425120004819532
859.0,3.0630528372500487,0.00010902775365048776
859.0,3.141592653589793,0.00016038568812410983
